[2025-08-16T01:05:57.5146055-04:00] No conflicting listener on 8787 (or it is our own pid=6496).
[2025-08-16T01:05:57.5146055-04:00] ENV WRITE_IDS=false PORT=8787
[2025-08-16T01:05:57.5458564-04:00] Node path=C:\Program Files\nodejs\node.exe version=v22.16.0
[2025-08-16T01:05:57.6552351-04:00] Launched node pid= with workingDir=C:\Users\kimhy\Desktop\StateID-App (logging to C:\Users\kimhy\Desktop\StateID-App\ops\outbox\server-node.log)
[2025-08-16T01:05:57.6552351-04:00] Exiting server-run.ps1 with code 0 (worker will not retry).
[2025-08-16T01:05:58.2586505-04:00] ===== server-run start =====
[2025-08-16T01:05:58.2698971-04:00] PSVersion=5.1.19041.6216 root=C:\Users\kimhy\Desktop\StateID-App
[2025-08-16T01:05:58.7475726-04:00] No conflicting listener on 8787 (or it is our own pid=8936).
[2025-08-16T01:05:58.7475726-04:00] ENV WRITE_IDS=false PORT=8787
[2025-08-16T01:05:58.7788533-04:00] Node path=C:\Program Files\nodejs\node.exe version=v22.16.0
[2025-08-16T01:05:59.1706252-04:00] Starting background job 'StateID-Node'...
[2025-08-16T01:05:59.2799737-04:00] Job started: Id=3 State=Running
[2025-08-16T01:05:59.8582795-04:00] healthz ok on try=0
[2025-08-16T01:05:59.8738811-04:00] Server is healthy.
[2025-08-16T01:05:59.8738811-04:00] Exiting server-run.ps1 with code 0 (worker will idle).
[2025-08-16T01:06:01.7544552-04:00] ===== server-run start =====
[2025-08-16T01:06:01.7700608-04:00] PSVersion=5.1.19041.6216 root=C:\Users\kimhy\Desktop\StateID-App
[2025-08-16T01:06:02.2605199-04:00] No conflicting listener on 8787 (or it is our own pid=7880).
[2025-08-16T01:06:02.2605199-04:00] ENV WRITE_IDS=false PORT=8787
[2025-08-16T01:06:02.2950005-04:00] Node path=C:\Program Files\nodejs\node.exe version=v22.16.0
[2025-08-16T01:06:02.4185150-04:00] Starting background job 'StateID-Node'...
[2025-08-16T01:06:02.5146206-04:00] Job started: Id=3 State=Running
[2025-08-16T01:06:03.0880716-04:00] healthz ok on try=0
[2025-08-16T01:06:03.0880716-04:00] Server is healthy.
[2025-08-16T01:06:03.1349463-04:00] Exiting server-run.ps1 with code 0 (worker will idle).
[2025-08-16T01:06:05.1414666-04:00] ===== server-run start =====
[2025-08-16T01:06:05.1414666-04:00] PSVersion=5.1.19041.6216 root=C:\Users\kimhy\Desktop\StateID-App
[2025-08-16T01:06:05.6414931-04:00] No conflicting listener on 8787 (or it is our own pid=12484).
[2025-08-16T01:06:05.6414931-04:00] ENV WRITE_IDS=false PORT=8787
[2025-08-16T01:06:05.6727200-04:00] Node path=C:\Program Files\nodejs\node.exe version=v22.16.0
[2025-08-16T01:06:05.7977155-04:00] Starting background job 'StateID-Node'...
[2025-08-16T01:06:05.9070905-04:00] Job started: Id=3 State=Running
[2025-08-16T01:06:06.5183467-04:00] healthz ok on try=0
[2025-08-16T01:06:06.5183467-04:00] Server is healthy.
[2025-08-16T01:06:06.5183467-04:00] Exiting server-run.ps1 with code 0 (worker will idle).
[2025-08-16T01:06:08.5030705-04:00] ===== server-run start =====
[2025-08-16T01:06:08.5030705-04:00] PSVersion=5.1.19041.6216 root=C:\Users\kimhy\Desktop\StateID-App
[2025-08-16T01:06:09.0186945-04:00] No conflicting listener on 8787 (or it is our own pid=3796).
[2025-08-16T01:06:09.0343470-04:00] ENV WRITE_IDS=false PORT=8787
[2025-08-16T01:06:09.0655735-04:00] Node path=C:\Program Files\nodejs\node.exe version=v22.16.0
[2025-08-16T01:06:09.1749827-04:00] Starting background job 'StateID-Node'...
[2025-08-16T01:06:09.2843215-04:00] Job started: Id=3 State=Running
[2025-08-16T01:06:09.8477155-04:00] healthz ok on try=0
[2025-08-16T01:06:09.8477155-04:00] Server is healthy.
[2025-08-16T01:06:09.8477155-04:00] Exiting server-run.ps1 with code 0 (worker will idle).
[2025-08-16T01:06:11.7555770-04:00] ===== server-run start =====
[2025-08-16T01:06:11.7712054-04:00] PSVersion=5.1.19041.6216 root=C:\Users\kimhy\Desktop\StateID-App
[2025-08-16T01:06:12.2670449-04:00] No conflicting listener on 8787 (or it is our own pid=8164).
[2025-08-16T01:06:12.2670449-04:00] ENV WRITE_IDS=false PORT=8787
[2025-08-16T01:06:12.3034083-04:00] Node path=C:\Program Files\nodejs\node.exe version=v22.16.0
[2025-08-16T01:06:12.4745131-04:00] Starting background job 'StateID-Node'...
[2025-08-16T01:06:12.5838851-04:00] Job started: Id=3 State=Running
[2025-08-16T01:06:13.2082683-04:00] healthz ok on try=0
[2025-08-16T01:06:13.2238927-04:00] Server is healthy.
[2025-08-16T01:06:13.2238927-04:00] Exiting server-run.ps1 with code 0 (worker will idle).
[2025-08-16T01:06:15.1325834-04:00] ===== server-run start =====
[2025-08-16T01:06:15.1482311-04:00] PSVersion=5.1.19041.6216 root=C:\Users\kimhy\Desktop\StateID-App
[2025-08-16T01:06:15.6326114-04:00] No conflicting listener on 8787 (or it is our own pid=1344).
[2025-08-16T01:06:15.6326114-04:00] ENV WRITE_IDS=false PORT=8787
[2025-08-16T01:06:15.6638595-04:00] Node path=C:\Program Files\nodejs\node.exe version=v22.16.0
[2025-08-16T01:06:15.7741356-04:00] Starting background job 'StateID-Node'...
[2025-08-16T01:06:15.9147363-04:00] Job started: Id=3 State=Running
[2025-08-16T01:06:16.5241502-04:00] healthz ok on try=0
[2025-08-16T01:06:16.5241502-04:00] Server is healthy.
[2025-08-16T01:06:16.5241502-04:00] Exiting server-run.ps1 with code 0 (worker will idle).
[2025-08-16T01:06:18.5649723-04:00] ===== server-run start =====
[2025-08-16T01:06:18.5649723-04:00] PSVersion=5.1.19041.6216 root=C:\Users\kimhy\Desktop\StateID-App
[2025-08-16T01:06:19.0847428-04:00] No conflicting listener on 8787 (or it is our own pid=6948).
[2025-08-16T01:06:19.1003677-04:00] ENV WRITE_IDS=false PORT=8787
[2025-08-16T01:06:19.1160136-04:00] Node path=C:\Program Files\nodejs\node.exe version=v22.16.0
[2025-08-16T01:06:19.2566187-04:00] Starting background job 'StateID-Node'...
[2025-08-16T01:06:19.3659951-04:00] Job started: Id=3 State=Running
[2025-08-16T01:06:20.0321333-04:00] healthz ok on try=0
[2025-08-16T01:06:20.0360028-04:00] Server is healthy.
[2025-08-16T01:06:20.0380029-04:00] Exiting server-run.ps1 with code 0 (worker will idle).
[2025-08-16T01:06:22.0829035-04:00] ===== server-run start =====
[2025-08-16T01:06:22.0932081-04:00] PSVersion=5.1.19041.6216 root=C:\Users\kimhy\Desktop\StateID-App
[2025-08-16T01:06:22.5750629-04:00] No conflicting listener on 8787 (or it is our own pid=5100).
[2025-08-16T01:06:22.5750629-04:00] ENV WRITE_IDS=false PORT=8787
[2025-08-16T01:06:22.6062970-04:00] Node path=C:\Program Files\nodejs\node.exe version=v22.16.0
[2025-08-16T01:06:22.7313206-04:00] Starting background job 'StateID-Node'...
[2025-08-16T01:06:22.8406746-04:00] Job started: Id=3 State=Running
[2025-08-16T01:06:23.4188288-04:00] healthz ok on try=0
[2025-08-16T01:06:23.4188288-04:00] Server is healthy.
[2025-08-16T01:06:23.4188288-04:00] Exiting server-run.ps1 with code 0 (worker will idle).
[2025-08-16T01:06:25.7886532-04:00] ===== server-run start =====
[2025-08-16T01:06:25.8011292-04:00] PSVersion=5.1.19041.6216 root=C:\Users\kimhy\Desktop\StateID-App
[2025-08-16T01:06:26.3363225-04:00] No conflicting listener on 8787 (or it is our own pid=11148).
[2025-08-16T01:06:26.3390039-04:00] ENV WRITE_IDS=false PORT=8787
[2025-08-16T01:06:26.3670109-04:00] Node path=C:\Program Files\nodejs\node.exe version=v22.16.0
[2025-08-16T01:06:26.4980996-04:00] Starting background job 'StateID-Node'...
[2025-08-16T01:06:26.6146751-04:00] Job started: Id=3 State=Running
[2025-08-16T01:06:27.1896861-04:00] healthz ok on try=0
[2025-08-16T01:06:27.1896861-04:00] Server is healthy.
[2025-08-16T01:06:27.1896861-04:00] Exiting server-run.ps1 with code 0 (worker will idle).
[2025-08-16T01:06:29.2318870-04:00] ===== server-run start =====
[2025-08-16T01:06:29.2422903-04:00] PSVersion=5.1.19041.6216 root=C:\Users\kimhy\Desktop\StateID-App
[2025-08-16T01:06:29.7655533-04:00] No conflicting listener on 8787 (or it is our own pid=3796).
[2025-08-16T01:06:29.7675578-04:00] ENV WRITE_IDS=false PORT=8787
[2025-08-16T01:06:29.7894436-04:00] Node path=C:\Program Files\nodejs\node.exe version=v22.16.0
[2025-08-16T01:06:29.9260748-04:00] Starting background job 'StateID-Node'...
[2025-08-16T01:06:30.0375329-04:00] Job started: Id=3 State=Running
[2025-08-16T01:06:30.6468247-04:00] healthz ok on try=0
[2025-08-16T01:06:30.6468247-04:00] Server is healthy.
[2025-08-16T01:06:30.6468247-04:00] Exiting server-run.ps1 with code 0 (worker will idle).
[2025-08-16T01:06:32.6442119-04:00] ===== server-run start =====
[2025-08-16T01:06:32.6542350-04:00] PSVersion=5.1.19041.6216 root=C:\Users\kimhy\Desktop\StateID-App
[2025-08-16T01:06:33.1583360-04:00] No conflicting listener on 8787 (or it is our own pid=11196).
[2025-08-16T01:06:33.1583360-04:00] ENV WRITE_IDS=false PORT=8787
[2025-08-16T01:06:33.1957021-04:00] Node path=C:\Program Files\nodejs\node.exe version=v22.16.0
[2025-08-16T01:06:33.3019969-04:00] Starting background job 'StateID-Node'...
[2025-08-16T01:06:33.4113727-04:00] Job started: Id=3 State=Running
[2025-08-16T01:06:34.0532071-04:00] healthz ok on try=0
[2025-08-16T01:06:34.0552076-04:00] Server is healthy.
[2025-08-16T01:06:34.0562058-04:00] Exiting server-run.ps1 with code 0 (worker will idle).
[2025-08-16T01:06:36.2309243-04:00] ===== server-run start =====
[2025-08-16T01:06:36.2465459-04:00] PSVersion=5.1.19041.6216 root=C:\Users\kimhy\Desktop\StateID-App
[2025-08-16T01:06:36.8708263-04:00] No conflicting listener on 8787 (or it is our own pid=1068).
[2025-08-16T01:06:36.8708263-04:00] ENV WRITE_IDS=false PORT=8787
[2025-08-16T01:06:36.9020774-04:00] Node path=C:\Program Files\nodejs\node.exe version=v22.16.0
[2025-08-16T01:06:37.0271030-04:00] Starting background job 'StateID-Node'...
[2025-08-16T01:06:37.1364554-04:00] Job started: Id=3 State=Running
[2025-08-16T01:06:37.7698396-04:00] healthz ok on try=0
[2025-08-16T01:06:37.7698396-04:00] Server is healthy.
[2025-08-16T01:06:37.7698396-04:00] Exiting server-run.ps1 with code 0 (worker will idle).
[2025-08-16T01:06:39.7466263-04:00] ===== server-run start =====
[2025-08-16T01:06:39.7466263-04:00] PSVersion=5.1.19041.6216 root=C:\Users\kimhy\Desktop\StateID-App
[2025-08-16T01:06:40.2393018-04:00] No conflicting listener on 8787 (or it is our own pid=10820).
[2025-08-16T01:06:40.2549374-04:00] ENV WRITE_IDS=false PORT=8787
[2025-08-16T01:06:40.2705606-04:00] Node path=C:\Program Files\nodejs\node.exe version=v22.16.0
[2025-08-16T01:06:40.4453664-04:00] Starting background job 'StateID-Node'...
[2025-08-16T01:06:40.5590821-04:00] Job started: Id=3 State=Running
[2025-08-16T01:06:41.1528607-04:00] healthz ok on try=0
[2025-08-16T01:06:41.1684631-04:00] Server is healthy.
[2025-08-16T01:06:41.1684631-04:00] Exiting server-run.ps1 with code 0 (worker will idle).
[2025-08-16T01:06:43.1359197-04:00] ===== server-run start =====
[2025-08-16T01:06:43.1515441-04:00] PSVersion=5.1.19041.6216 root=C:\Users\kimhy\Desktop\StateID-App
[2025-08-16T01:06:43.6359397-04:00] No conflicting listener on 8787 (or it is our own pid=10688).
[2025-08-16T01:06:43.6359397-04:00] ENV WRITE_IDS=false PORT=8787
[2025-08-16T01:06:43.6671945-04:00] Node path=C:\Program Files\nodejs\node.exe version=v22.16.0
[2025-08-16T01:06:43.7921908-04:00] Starting background job 'StateID-Node'...
[2025-08-16T01:06:43.9327953-04:00] Job started: Id=3 State=Running
[2025-08-16T01:06:44.5419270-04:00] healthz ok on try=0
[2025-08-16T01:06:44.5419270-04:00] Server is healthy.
[2025-08-16T01:06:44.5419270-04:00] Exiting server-run.ps1 with code 0 (worker will idle).
[2025-08-16T01:06:46.4650260-04:00] ===== server-run start =====
[2025-08-16T01:06:46.4650260-04:00] PSVersion=5.1.19041.6216 root=C:\Users\kimhy\Desktop\StateID-App
[2025-08-16T01:06:46.9650358-04:00] No conflicting listener on 8787 (or it is our own pid=8572).
[2025-08-16T01:06:46.9650358-04:00] ENV WRITE_IDS=false PORT=8787
[2025-08-16T01:06:46.9962900-04:00] Node path=C:\Program Files\nodejs\node.exe version=v22.16.0
[2025-08-16T01:06:47.1069000-04:00] Starting background job 'StateID-Node'...
[2025-08-16T01:06:47.2162749-04:00] Job started: Id=3 State=Running
[2025-08-16T01:06:47.7808598-04:00] healthz ok on try=0
[2025-08-16T01:06:47.7808598-04:00] Server is healthy.
[2025-08-16T01:06:47.8121212-04:00] Exiting server-run.ps1 with code 0 (worker will idle).
[2025-08-16T01:06:49.7460892-04:00] ===== server-run start =====
[2025-08-16T01:06:49.7616890-04:00] PSVersion=5.1.19041.6216 root=C:\Users\kimhy\Desktop\StateID-App
[2025-08-16T01:06:50.3440912-04:00] No conflicting listener on 8787 (or it is our own pid=5280).
[2025-08-16T01:06:50.3460697-04:00] ENV WRITE_IDS=false PORT=8787
[2025-08-16T01:06:50.3697338-04:00] Node path=C:\Program Files\nodejs\node.exe version=v22.16.0
[2025-08-16T01:06:50.4979365-04:00] Starting background job 'StateID-Node'...
[2025-08-16T01:06:50.6385645-04:00] Job started: Id=3 State=Running
[2025-08-16T01:06:51.2606137-04:00] healthz ok on try=0
[2025-08-16T01:06:51.2606137-04:00] Server is healthy.
[2025-08-16T01:06:51.2606137-04:00] Exiting server-run.ps1 with code 0 (worker will idle).
[2025-08-16T01:06:53.3652355-04:00] ===== server-run start =====
[2025-08-16T01:06:53.3769011-04:00] PSVersion=5.1.19041.6216 root=C:\Users\kimhy\Desktop\StateID-App
[2025-08-16T01:06:53.9440621-04:00] No conflicting listener on 8787 (or it is our own pid=6044).
[2025-08-16T01:06:53.9460763-04:00] ENV WRITE_IDS=false PORT=8787
[2025-08-16T01:06:53.9767460-04:00] Node path=C:\Program Files\nodejs\node.exe version=v22.16.0
[2025-08-16T01:06:54.0879237-04:00] Starting background job 'StateID-Node'...
[2025-08-16T01:06:54.1972975-04:00] Job started: Id=3 State=Running
[2025-08-16T01:06:54.7924101-04:00] healthz ok on try=0
[2025-08-16T01:06:54.7934121-04:00] Server is healthy.
[2025-08-16T01:06:54.7950490-04:00] Exiting server-run.ps1 with code 0 (worker will idle).
[2025-08-16T01:06:56.9125877-04:00] ===== server-run start =====
[2025-08-16T01:06:56.9225808-04:00] PSVersion=5.1.19041.6216 root=C:\Users\kimhy\Desktop\StateID-App
[2025-08-16T01:06:57.4410611-04:00] No conflicting listener on 8787 (or it is our own pid=11448).
[2025-08-16T01:06:57.4410611-04:00] ENV WRITE_IDS=false PORT=8787
[2025-08-16T01:06:57.4792711-04:00] Node path=C:\Program Files\nodejs\node.exe version=v22.16.0
[2025-08-16T01:06:57.6044564-04:00] Starting background job 'StateID-Node'...
[2025-08-16T01:06:57.7017317-04:00] Job started: Id=3 State=Running
[2025-08-16T01:06:58.3105407-04:00] healthz ok on try=0
[2025-08-16T01:06:58.3115405-04:00] Server is healthy.
[2025-08-16T01:06:58.3125392-04:00] Exiting server-run.ps1 with code 0 (worker will idle).
[2025-08-16T01:07:00.2660410-04:00] ===== server-run start =====
[2025-08-16T01:07:00.2816508-04:00] PSVersion=5.1.19041.6216 root=C:\Users\kimhy\Desktop\StateID-App
[2025-08-16T01:07:00.7703671-04:00] No conflicting listener on 8787 (or it is our own pid=8596).
[2025-08-16T01:07:00.7703671-04:00] ENV WRITE_IDS=false PORT=8787
[2025-08-16T01:07:00.8133307-04:00] Node path=C:\Program Files\nodejs\node.exe version=v22.16.0
[2025-08-16T01:07:00.9449022-04:00] Starting background job 'StateID-Node'...
[2025-08-16T01:07:01.0435316-04:00] Job started: Id=3 State=Running
[2025-08-16T01:07:01.6773207-04:00] healthz ok on try=0
[2025-08-16T01:07:01.6802748-04:00] Server is healthy.
[2025-08-16T01:07:01.6822778-04:00] Exiting server-run.ps1 with code 0 (worker will idle).
[2025-08-16T01:07:03.6574789-04:00] ===== server-run start =====
[2025-08-16T01:07:03.6683579-04:00] PSVersion=5.1.19041.6216 root=C:\Users\kimhy\Desktop\StateID-App
[2025-08-16T01:07:04.1946914-04:00] No conflicting listener on 8787 (or it is our own pid=9780).
[2025-08-16T01:07:04.1946914-04:00] ENV WRITE_IDS=false PORT=8787
[2025-08-16T01:07:04.2253666-04:00] Node path=C:\Program Files\nodejs\node.exe version=v22.16.0
[2025-08-16T01:07:04.3499928-04:00] Starting background job 'StateID-Node'...
[2025-08-16T01:07:04.4660459-04:00] Job started: Id=3 State=Running
[2025-08-16T01:07:05.0297057-04:00] healthz ok on try=0
[2025-08-16T01:07:05.0453219-04:00] Server is healthy.
[2025-08-16T01:07:05.0453219-04:00] Exiting server-run.ps1 with code 0 (worker will idle).
[2025-08-16T01:07:07.1955888-04:00] ===== server-run start =====
[2025-08-16T01:07:07.2205287-04:00] PSVersion=5.1.19041.6216 root=C:\Users\kimhy\Desktop\StateID-App
[2025-08-16T01:07:07.6981319-04:00] No conflicting listener on 8787 (or it is our own pid=7664).
[2025-08-16T01:07:07.6981319-04:00] ENV WRITE_IDS=false PORT=8787
[2025-08-16T01:07:07.7294133-04:00] Node path=C:\Program Files\nodejs\node.exe version=v22.16.0
[2025-08-16T01:07:07.8543848-04:00] Starting background job 'StateID-Node'...
[2025-08-16T01:07:07.9650373-04:00] Job started: Id=3 State=Running
[2025-08-16T01:07:08.5736509-04:00] healthz ok on try=0
[2025-08-16T01:07:08.5736509-04:00] Server is healthy.
[2025-08-16T01:07:08.5892261-04:00] Exiting server-run.ps1 with code 0 (worker will idle).
[2025-08-16T01:07:10.7828895-04:00] ===== server-run start =====
[2025-08-16T01:07:10.7984993-04:00] PSVersion=5.1.19041.6216 root=C:\Users\kimhy\Desktop\StateID-App
[2025-08-16T01:07:11.2925949-04:00] No conflicting listener on 8787 (or it is our own pid=8248).
[2025-08-16T01:07:11.2954575-04:00] ENV WRITE_IDS=false PORT=8787
[2025-08-16T01:07:11.3162187-04:00] Node path=C:\Program Files\nodejs\node.exe version=v22.16.0
[2025-08-16T01:07:11.4328653-04:00] Starting background job 'StateID-Node'...
[2025-08-16T01:07:11.5422414-04:00] Job started: Id=3 State=Running
[2025-08-16T01:07:12.1636150-04:00] healthz ok on try=0
[2025-08-16T01:07:12.1792065-04:00] Server is healthy.
[2025-08-16T01:07:12.1792065-04:00] Exiting server-run.ps1 with code 0 (worker will idle).
[2025-08-16T01:07:14.0992799-04:00] ===== server-run start =====
[2025-08-16T01:07:14.1219888-04:00] PSVersion=5.1.19041.6216 root=C:\Users\kimhy\Desktop\StateID-App
[2025-08-16T01:07:14.6293878-04:00] No conflicting listener on 8787 (or it is our own pid=2168).
[2025-08-16T01:07:14.6313895-04:00] ENV WRITE_IDS=false PORT=8787
[2025-08-16T01:07:14.6597127-04:00] Node path=C:\Program Files\nodejs\node.exe version=v22.16.0
[2025-08-16T01:07:14.7871754-04:00] Starting background job 'StateID-Node'...
[2025-08-16T01:07:14.9012015-04:00] Job started: Id=3 State=Running
[2025-08-16T01:07:15.5087617-04:00] healthz ok on try=0
[2025-08-16T01:07:15.5087617-04:00] Server is healthy.
[2025-08-16T01:07:15.5087617-04:00] Exiting server-run.ps1 with code 0 (worker will idle).
[2025-08-16T01:07:17.9245795-04:00] ===== server-run start =====
[2025-08-16T01:07:17.9355801-04:00] PSVersion=5.1.19041.6216 root=C:\Users\kimhy\Desktop\StateID-App
[2025-08-16T01:07:18.4897496-04:00] No conflicting listener on 8787 (or it is our own pid=11472).
[2025-08-16T01:07:18.4917637-04:00] ENV WRITE_IDS=false PORT=8787
[2025-08-16T01:07:18.5309868-04:00] Node path=C:\Program Files\nodejs\node.exe version=v22.16.0
[2025-08-16T01:07:18.6594601-04:00] Starting background job 'StateID-Node'...
[2025-08-16T01:07:18.7714577-04:00] Job started: Id=3 State=Running
[2025-08-16T01:07:19.3552330-04:00] healthz ok on try=0
[2025-08-16T01:07:19.3558709-04:00] Server is healthy.
[2025-08-16T01:07:19.3578715-04:00] Exiting server-run.ps1 with code 0 (worker will idle).
[2025-08-16T01:07:21.7578564-04:00] ===== server-run start =====
[2025-08-16T01:07:21.7745913-04:00] PSVersion=5.1.19041.6216 root=C:\Users\kimhy\Desktop\StateID-App
[2025-08-16T01:07:22.3472498-04:00] No conflicting listener on 8787 (or it is our own pid=7880).
[2025-08-16T01:07:22.3492637-04:00] ENV WRITE_IDS=false PORT=8787
[2025-08-16T01:07:22.3781355-04:00] Node path=C:\Program Files\nodejs\node.exe version=v22.16.0
[2025-08-16T01:07:22.5099769-04:00] Starting background job 'StateID-Node'...
[2025-08-16T01:07:22.6247385-04:00] Job started: Id=3 State=Running
[2025-08-16T01:07:23.2558178-04:00] healthz ok on try=0
[2025-08-16T01:07:23.2568178-04:00] Server is healthy.
[2025-08-16T01:07:23.2578159-04:00] Exiting server-run.ps1 with code 0 (worker will idle).
[2025-08-16T01:07:25.4150056-04:00] ===== server-run start =====
[2025-08-16T01:07:25.4325796-04:00] PSVersion=5.1.19041.6216 root=C:\Users\kimhy\Desktop\StateID-App
[2025-08-16T01:07:25.9656662-04:00] No conflicting listener on 8787 (or it is our own pid=4236).
[2025-08-16T01:07:25.9656662-04:00] ENV WRITE_IDS=false PORT=8787
[2025-08-16T01:07:25.9996830-04:00] Node path=C:\Program Files\nodejs\node.exe version=v22.16.0
[2025-08-16T01:07:26.1327148-04:00] Starting background job 'StateID-Node'...
[2025-08-16T01:07:26.2486412-04:00] Job started: Id=3 State=Running
[2025-08-16T01:07:26.8618445-04:00] healthz ok on try=0
[2025-08-16T01:07:26.8628431-04:00] Server is healthy.
[2025-08-16T01:07:26.8638466-04:00] Exiting server-run.ps1 with code 0 (worker will idle).
[2025-08-16T01:07:29.2959421-04:00] ===== server-run start =====
[2025-08-16T01:07:29.3020437-04:00] PSVersion=5.1.19041.6216 root=C:\Users\kimhy\Desktop\StateID-App
[2025-08-16T01:07:29.8300281-04:00] No conflicting listener on 8787 (or it is our own pid=7792).
[2025-08-16T01:07:29.8300281-04:00] ENV WRITE_IDS=false PORT=8787
[2025-08-16T01:07:29.8635241-04:00] Node path=C:\Program Files\nodejs\node.exe version=v22.16.0
[2025-08-16T01:07:30.1854732-04:00] Starting background job 'StateID-Node'...
[2025-08-16T01:07:30.3013476-04:00] Job started: Id=3 State=Running
[2025-08-16T01:07:30.8828273-04:00] healthz ok on try=0
[2025-08-16T01:07:30.9184321-04:00] Server is healthy.
[2025-08-16T01:07:30.9184321-04:00] Exiting server-run.ps1 with code 0 (worker will idle).
[2025-08-16T01:07:33.0034276-04:00] ===== server-run start =====
[2025-08-16T01:07:33.0199229-04:00] PSVersion=5.1.19041.6216 root=C:\Users\kimhy\Desktop\StateID-App
[2025-08-16T01:07:33.5529946-04:00] No conflicting listener on 8787 (or it is our own pid=1668).
[2025-08-16T01:07:33.5541949-04:00] ENV WRITE_IDS=false PORT=8787
[2025-08-16T01:07:33.5864292-04:00] Node path=C:\Program Files\nodejs\node.exe version=v22.16.0
[2025-08-16T01:07:33.7177600-04:00] Starting background job 'StateID-Node'...
[2025-08-16T01:07:33.8203831-04:00] Job started: Id=3 State=Running
[2025-08-16T01:07:34.4043147-04:00] healthz ok on try=0
[2025-08-16T01:07:34.4553303-04:00] Server is healthy.
[2025-08-16T01:07:34.4553303-04:00] Exiting server-run.ps1 with code 0 (worker will idle).
[2025-08-16T01:07:36.5699788-04:00] ===== server-run start =====
[2025-08-16T01:07:36.5725014-04:00] PSVersion=5.1.19041.6216 root=C:\Users\kimhy\Desktop\StateID-App
[2025-08-16T01:07:37.1180798-04:00] No conflicting listener on 8787 (or it is our own pid=2176).
[2025-08-16T01:07:37.1201175-04:00] ENV WRITE_IDS=false PORT=8787
[2025-08-16T01:07:37.1399384-04:00] Node path=C:\Program Files\nodejs\node.exe version=v22.16.0
[2025-08-16T01:07:37.2847353-04:00] Starting background job 'StateID-Node'...
[2025-08-16T01:07:37.3895400-04:00] Job started: Id=3 State=Running
[2025-08-16T01:07:37.9686870-04:00] healthz ok on try=0
[2025-08-16T01:07:37.9706985-04:00] Server is healthy.
[2025-08-16T01:07:38.0075431-04:00] Exiting server-run.ps1 with code 0 (worker will idle).
[2025-08-16T01:07:40.1242466-04:00] ===== server-run start =====
[2025-08-16T01:07:40.1414049-04:00] PSVersion=5.1.19041.6216 root=C:\Users\kimhy\Desktop\StateID-App
[2025-08-16T01:07:40.8748893-04:00] No conflicting listener on 8787 (or it is our own pid=2656).
[2025-08-16T01:07:40.8748893-04:00] ENV WRITE_IDS=false PORT=8787
[2025-08-16T01:07:40.9048435-04:00] Node path=C:\Program Files\nodejs\node.exe version=v22.16.0
[2025-08-16T01:07:41.0256762-04:00] Starting background job 'StateID-Node'...
[2025-08-16T01:07:41.1562837-04:00] Job started: Id=3 State=Running
[2025-08-16T01:07:41.7595566-04:00] healthz ok on try=0
[2025-08-16T01:07:41.7595566-04:00] Server is healthy.
[2025-08-16T01:07:41.7595566-04:00] Exiting server-run.ps1 with code 0 (worker will idle).
[2025-08-16T01:07:43.8775065-04:00] ===== server-run start =====
[2025-08-16T01:07:43.8775065-04:00] PSVersion=5.1.19041.6216 root=C:\Users\kimhy\Desktop\StateID-App
[2025-08-16T01:07:44.4249550-04:00] No conflicting listener on 8787 (or it is our own pid=504).
[2025-08-16T01:07:44.4271729-04:00] ENV WRITE_IDS=false PORT=8787
[2025-08-16T01:07:44.4572882-04:00] Node path=C:\Program Files\nodejs\node.exe version=v22.16.0
[2025-08-16T01:07:44.5910216-04:00] Starting background job 'StateID-Node'...
[2025-08-16T01:07:44.7087142-04:00] Job started: Id=3 State=Running
[2025-08-16T01:07:45.2942139-04:00] healthz ok on try=0
[2025-08-16T01:07:45.3280400-04:00] Server is healthy.
[2025-08-16T01:07:45.3280400-04:00] Exiting server-run.ps1 with code 0 (worker will idle).
[2025-08-16T01:07:47.3761341-04:00] ===== server-run start =====
[2025-08-16T01:07:47.3800434-04:00] PSVersion=5.1.19041.6216 root=C:\Users\kimhy\Desktop\StateID-App
[2025-08-16T01:07:47.9135500-04:00] No conflicting listener on 8787 (or it is our own pid=7760).
[2025-08-16T01:07:47.9135500-04:00] ENV WRITE_IDS=false PORT=8787
[2025-08-16T01:07:47.9463053-04:00] Node path=C:\Program Files\nodejs\node.exe version=v22.16.0
[2025-08-16T01:07:48.0806737-04:00] Starting background job 'StateID-Node'...
[2025-08-16T01:07:48.1965938-04:00] Job started: Id=3 State=Running
[2025-08-16T01:07:48.8143960-04:00] healthz ok on try=0
[2025-08-16T01:07:48.8143960-04:00] Server is healthy.
[2025-08-16T01:07:48.8143960-04:00] Exiting server-run.ps1 with code 0 (worker will idle).
[2025-08-16T01:07:50.8316904-04:00] ===== server-run start =====
[2025-08-16T01:07:50.8468127-04:00] PSVersion=5.1.19041.6216 root=C:\Users\kimhy\Desktop\StateID-App
[2025-08-16T01:07:51.3827144-04:00] No conflicting listener on 8787 (or it is our own pid=2936).
[2025-08-16T01:07:51.3827144-04:00] ENV WRITE_IDS=false PORT=8787
[2025-08-16T01:07:51.4139305-04:00] Node path=C:\Program Files\nodejs\node.exe version=v22.16.0
[2025-08-16T01:07:51.5463645-04:00] Starting background job 'StateID-Node'...
[2025-08-16T01:07:51.6487457-04:00] Job started: Id=3 State=Running
[2025-08-16T01:07:52.2659277-04:00] healthz ok on try=0
[2025-08-16T01:07:52.2782776-04:00] Server is healthy.
[2025-08-16T01:07:52.2802776-04:00] Exiting server-run.ps1 with code 0 (worker will idle).
[2025-08-16T01:07:54.2845228-04:00] ===== server-run start =====
[2025-08-16T01:07:54.2972601-04:00] PSVersion=5.1.19041.6216 root=C:\Users\kimhy\Desktop\StateID-App
[2025-08-16T01:07:54.8184049-04:00] No conflicting listener on 8787 (or it is our own pid=10592).
[2025-08-16T01:07:54.8184049-04:00] ENV WRITE_IDS=false PORT=8787
[2025-08-16T01:07:54.8514688-04:00] Node path=C:\Program Files\nodejs\node.exe version=v22.16.0
[2025-08-16T01:07:55.0333805-04:00] Starting background job 'StateID-Node'...
[2025-08-16T01:07:55.1518822-04:00] Job started: Id=3 State=Running
[2025-08-16T01:07:55.7851884-04:00] healthz ok on try=0
[2025-08-16T01:07:55.7851884-04:00] Server is healthy.
[2025-08-16T01:07:55.7851884-04:00] Exiting server-run.ps1 with code 0 (worker will idle).
[2025-08-16T01:07:57.8030410-04:00] ===== server-run start =====
[2025-08-16T01:07:57.8204120-04:00] PSVersion=5.1.19041.6216 root=C:\Users\kimhy\Desktop\StateID-App
[2025-08-16T01:07:58.3539221-04:00] No conflicting listener on 8787 (or it is our own pid=10348).
[2025-08-16T01:07:58.3539221-04:00] ENV WRITE_IDS=false PORT=8787
[2025-08-16T01:07:58.4002492-04:00] Node path=C:\Program Files\nodejs\node.exe version=v22.16.0
[2025-08-16T01:07:58.5701590-04:00] Starting background job 'StateID-Node'...
[2025-08-16T01:07:58.6877951-04:00] Job started: Id=3 State=Running
[2025-08-16T01:07:59.2875499-04:00] healthz ok on try=0
[2025-08-16T01:07:59.2875499-04:00] Server is healthy.
[2025-08-16T01:07:59.3207741-04:00] Exiting server-run.ps1 with code 0 (worker will idle).
[2025-08-16T01:08:01.4556130-04:00] ===== server-run start =====
[2025-08-16T01:08:01.4726340-04:00] PSVersion=5.1.19041.6216 root=C:\Users\kimhy\Desktop\StateID-App
[2025-08-16T01:08:02.0538280-04:00] No conflicting listener on 8787 (or it is our own pid=2276).
[2025-08-16T01:08:02.0570691-04:00] ENV WRITE_IDS=false PORT=8787
[2025-08-16T01:08:02.0892690-04:00] Node path=C:\Program Files\nodejs\node.exe version=v22.16.0
[2025-08-16T01:08:02.2334951-04:00] Starting background job 'StateID-Node'...
[2025-08-16T01:08:02.3513825-04:00] Job started: Id=3 State=Running
[2025-08-16T01:08:02.9344666-04:00] healthz ok on try=0
[2025-08-16T01:08:02.9754571-04:00] Server is healthy.
[2025-08-16T01:08:02.9784563-04:00] Exiting server-run.ps1 with code 0 (worker will idle).
[2025-08-16T01:08:05.3517164-04:00] ===== server-run start =====
[2025-08-16T01:08:05.3634160-04:00] PSVersion=5.1.19041.6216 root=C:\Users\kimhy\Desktop\StateID-App
[2025-08-16T01:08:05.9628441-04:00] No conflicting listener on 8787 (or it is our own pid=12580).
[2025-08-16T01:08:05.9648450-04:00] ENV WRITE_IDS=false PORT=8787
[2025-08-16T01:08:05.9971375-04:00] Node path=C:\Program Files\nodejs\node.exe version=v22.16.0
[2025-08-16T01:08:06.1245641-04:00] Starting background job 'StateID-Node'...
[2025-08-16T01:08:06.2336363-04:00] Job started: Id=3 State=Running
[2025-08-16T01:08:06.8174307-04:00] healthz ok on try=0
[2025-08-16T01:08:06.8194051-04:00] Server is healthy.
[2025-08-16T01:08:06.8563901-04:00] Exiting server-run.ps1 with code 0 (worker will idle).
[2025-08-16T01:08:08.7970447-04:00] ===== server-run start =====
[2025-08-16T01:08:08.8077319-04:00] PSVersion=5.1.19041.6216 root=C:\Users\kimhy\Desktop\StateID-App
[2025-08-16T01:08:09.3201367-04:00] No conflicting listener on 8787 (or it is our own pid=9116).
[2025-08-16T01:08:09.3227467-04:00] ENV WRITE_IDS=false PORT=8787
[2025-08-16T01:08:09.3505603-04:00] Node path=C:\Program Files\nodejs\node.exe version=v22.16.0
[2025-08-16T01:08:09.4798865-04:00] Starting background job 'StateID-Node'...
[2025-08-16T01:08:09.6546237-04:00] Job started: Id=3 State=Running
[2025-08-16T01:08:10.2853706-04:00] healthz ok on try=0
[2025-08-16T01:08:10.3304505-04:00] Server is healthy.
[2025-08-16T01:08:10.3314512-04:00] Exiting server-run.ps1 with code 0 (worker will idle).
[2025-08-16T01:08:12.3024217-04:00] ===== server-run start =====
[2025-08-16T01:08:12.3141226-04:00] PSVersion=5.1.19041.6216 root=C:\Users\kimhy\Desktop\StateID-App
[2025-08-16T01:08:12.8320940-04:00] No conflicting listener on 8787 (or it is our own pid=5252).
[2025-08-16T01:08:12.8340876-04:00] ENV WRITE_IDS=false PORT=8787
[2025-08-16T01:08:12.8614156-04:00] Node path=C:\Program Files\nodejs\node.exe version=v22.16.0
[2025-08-16T01:08:12.9902613-04:00] Starting background job 'StateID-Node'...
[2025-08-16T01:08:13.1019264-04:00] Job started: Id=3 State=Running
[2025-08-16T01:08:13.7573951-04:00] healthz ok on try=0
[2025-08-16T01:08:13.7583941-04:00] Server is healthy.
[2025-08-16T01:08:13.7621146-04:00] Exiting server-run.ps1 with code 0 (worker will idle).
[2025-08-16T01:08:15.9031866-04:00] ===== server-run start =====
[2025-08-16T01:08:15.9134790-04:00] PSVersion=5.1.19041.6216 root=C:\Users\kimhy\Desktop\StateID-App
[2025-08-16T01:08:16.4414996-04:00] No conflicting listener on 8787 (or it is our own pid=5124).
[2025-08-16T01:08:16.4441768-04:00] ENV WRITE_IDS=false PORT=8787
[2025-08-16T01:08:16.4743596-04:00] Node path=C:\Program Files\nodejs\node.exe version=v22.16.0
[2025-08-16T01:08:16.6042971-04:00] Starting background job 'StateID-Node'...
[2025-08-16T01:08:16.7209453-04:00] Job started: Id=3 State=Running
[2025-08-16T01:08:17.3302550-04:00] healthz ok on try=0
[2025-08-16T01:08:17.3728464-04:00] Server is healthy.
[2025-08-16T01:08:17.3748498-04:00] Exiting server-run.ps1 with code 0 (worker will idle).
[2025-08-16T01:08:19.4742438-04:00] ===== server-run start =====
[2025-08-16T01:08:19.4845283-04:00] PSVersion=5.1.19041.6216 root=C:\Users\kimhy\Desktop\StateID-App
[2025-08-16T01:08:20.0222208-04:00] No conflicting listener on 8787 (or it is our own pid=5280).
[2025-08-16T01:08:20.0242268-04:00] ENV WRITE_IDS=false PORT=8787
[2025-08-16T01:08:20.0525637-04:00] Node path=C:\Program Files\nodejs\node.exe version=v22.16.0
[2025-08-16T01:08:20.1839864-04:00] Starting background job 'StateID-Node'...
[2025-08-16T01:08:20.2997509-04:00] Job started: Id=3 State=Running
[2025-08-16T01:08:20.9292334-04:00] healthz ok on try=0
[2025-08-16T01:08:20.9311363-04:00] Server is healthy.
[2025-08-16T01:08:20.9321405-04:00] Exiting server-run.ps1 with code 0 (worker will idle).
[2025-08-16T01:08:22.9782116-04:00] ===== server-run start =====
[2025-08-16T01:08:22.9899595-04:00] PSVersion=5.1.19041.6216 root=C:\Users\kimhy\Desktop\StateID-App
[2025-08-16T01:08:23.5170970-04:00] No conflicting listener on 8787 (or it is our own pid=2856).
[2025-08-16T01:08:23.5190976-04:00] ENV WRITE_IDS=false PORT=8787
[2025-08-16T01:08:23.5472753-04:00] Node path=C:\Program Files\nodejs\node.exe version=v22.16.0
[2025-08-16T01:08:23.6780690-04:00] Starting background job 'StateID-Node'...
[2025-08-16T01:08:23.7920463-04:00] Job started: Id=3 State=Running
[2025-08-16T01:08:24.4634711-04:00] healthz ok on try=0
[2025-08-16T01:08:24.4644705-04:00] Server is healthy.
[2025-08-16T01:08:24.4655000-04:00] Exiting server-run.ps1 with code 0 (worker will idle).
[2025-08-16T01:08:26.5249244-04:00] ===== server-run start =====
[2025-08-16T01:08:26.5363805-04:00] PSVersion=5.1.19041.6216 root=C:\Users\kimhy\Desktop\StateID-App
[2025-08-16T01:08:27.0690007-04:00] No conflicting listener on 8787 (or it is our own pid=5712).
[2025-08-16T01:08:27.0709785-04:00] ENV WRITE_IDS=false PORT=8787
[2025-08-16T01:08:27.1013605-04:00] Node path=C:\Program Files\nodejs\node.exe version=v22.16.0
[2025-08-16T01:08:27.2352097-04:00] Starting background job 'StateID-Node'...
[2025-08-16T01:08:27.3524667-04:00] Job started: Id=3 State=Running
[2025-08-16T01:08:27.9351928-04:00] healthz ok on try=0
[2025-08-16T01:08:27.9372250-04:00] Server is healthy.
[2025-08-16T01:08:27.9381916-04:00] Exiting server-run.ps1 with code 0 (worker will idle).
[2025-08-16T01:08:29.9916181-04:00] ===== server-run start =====
[2025-08-16T01:08:30.0016179-04:00] PSVersion=5.1.19041.6216 root=C:\Users\kimhy\Desktop\StateID-App
[2025-08-16T01:08:30.5357326-04:00] No conflicting listener on 8787 (or it is our own pid=7440).
[2025-08-16T01:08:30.5379884-04:00] ENV WRITE_IDS=false PORT=8787
[2025-08-16T01:08:30.5666122-04:00] Node path=C:\Program Files\nodejs\node.exe version=v22.16.0
[2025-08-16T01:08:30.6974169-04:00] Starting background job 'StateID-Node'...
[2025-08-16T01:08:30.8126197-04:00] Job started: Id=3 State=Running
[2025-08-16T01:08:31.4005576-04:00] healthz ok on try=0
[2025-08-16T01:08:31.4015591-04:00] Server is healthy.
[2025-08-16T01:08:31.4025582-04:00] Exiting server-run.ps1 with code 0 (worker will idle).
[2025-08-16T01:08:33.4893837-04:00] ===== server-run start =====
[2025-08-16T01:08:33.4993838-04:00] PSVersion=5.1.19041.6216 root=C:\Users\kimhy\Desktop\StateID-App
[2025-08-16T01:08:34.0320639-04:00] No conflicting listener on 8787 (or it is our own pid=8416).
[2025-08-16T01:08:34.0340644-04:00] ENV WRITE_IDS=false PORT=8787
[2025-08-16T01:08:34.0635824-04:00] Node path=C:\Program Files\nodejs\node.exe version=v22.16.0
[2025-08-16T01:08:34.2430570-04:00] Starting background job 'StateID-Node'...
[2025-08-16T01:08:34.3755553-04:00] Job started: Id=3 State=Running
[2025-08-16T01:08:34.9935591-04:00] healthz ok on try=0
[2025-08-16T01:08:34.9945604-04:00] Server is healthy.
[2025-08-16T01:08:34.9955600-04:00] Exiting server-run.ps1 with code 0 (worker will idle).
[2025-08-16T01:08:36.9836189-04:00] ===== server-run start =====
[2025-08-16T01:08:36.9942721-04:00] PSVersion=5.1.19041.6216 root=C:\Users\kimhy\Desktop\StateID-App
[2025-08-16T01:08:37.5289420-04:00] No conflicting listener on 8787 (or it is our own pid=10384).
[2025-08-16T01:08:37.5309436-04:00] ENV WRITE_IDS=false PORT=8787
[2025-08-16T01:08:37.5637311-04:00] Node path=C:\Program Files\nodejs\node.exe version=v22.16.0
[2025-08-16T01:08:37.7344482-04:00] Starting background job 'StateID-Node'...
[2025-08-16T01:08:37.8846053-04:00] Job started: Id=3 State=Running
[2025-08-16T01:08:38.5082801-04:00] healthz ok on try=0
[2025-08-16T01:08:38.5100049-04:00] Server is healthy.
[2025-08-16T01:08:38.5110081-04:00] Exiting server-run.ps1 with code 0 (worker will idle).
[2025-08-16T01:08:40.5673216-04:00] ===== server-run start =====
[2025-08-16T01:08:40.5779981-04:00] PSVersion=5.1.19041.6216 root=C:\Users\kimhy\Desktop\StateID-App
[2025-08-16T01:08:41.1075743-04:00] No conflicting listener on 8787 (or it is our own pid=7000).
[2025-08-16T01:08:41.1111019-04:00] ENV WRITE_IDS=false PORT=8787
[2025-08-16T01:08:41.1404002-04:00] Node path=C:\Program Files\nodejs\node.exe version=v22.16.0
[2025-08-16T01:08:41.2815616-04:00] Starting background job 'StateID-Node'...
[2025-08-16T01:08:41.4002279-04:00] Job started: Id=3 State=Running
[2025-08-16T01:08:42.0183813-04:00] healthz ok on try=0
[2025-08-16T01:08:42.0193785-04:00] Server is healthy.
[2025-08-16T01:08:42.0203796-04:00] Exiting server-run.ps1 with code 0 (worker will idle).
[2025-08-16T01:08:43.9933148-04:00] ===== server-run start =====
[2025-08-16T01:08:44.0039778-04:00] PSVersion=5.1.19041.6216 root=C:\Users\kimhy\Desktop\StateID-App
[2025-08-16T01:08:44.5240242-04:00] No conflicting listener on 8787 (or it is our own pid=9316).
[2025-08-16T01:08:44.5260249-04:00] ENV WRITE_IDS=false PORT=8787
[2025-08-16T01:08:44.5553518-04:00] Node path=C:\Program Files\nodejs\node.exe version=v22.16.0
[2025-08-16T01:08:44.6848155-04:00] Starting background job 'StateID-Node'...
[2025-08-16T01:08:44.7985157-04:00] Job started: Id=3 State=Running
[2025-08-16T01:08:45.4303458-04:00] healthz ok on try=0
[2025-08-16T01:08:45.4323478-04:00] Server is healthy.
[2025-08-16T01:08:45.4333535-04:00] Exiting server-run.ps1 with code 0 (worker will idle).
[2025-08-16T01:08:47.6013648-04:00] ===== server-run start =====
[2025-08-16T01:08:47.6123657-04:00] PSVersion=5.1.19041.6216 root=C:\Users\kimhy\Desktop\StateID-App
[2025-08-16T01:08:48.1294450-04:00] No conflicting listener on 8787 (or it is our own pid=3992).
[2025-08-16T01:08:48.1321425-04:00] ENV WRITE_IDS=false PORT=8787
[2025-08-16T01:08:48.1597478-04:00] Node path=C:\Program Files\nodejs\node.exe version=v22.16.0
[2025-08-16T01:08:48.2912266-04:00] Starting background job 'StateID-Node'...
[2025-08-16T01:08:48.4068287-04:00] Job started: Id=3 State=Running
[2025-08-16T01:08:48.9826695-04:00] healthz ok on try=0
[2025-08-16T01:08:49.0229918-04:00] Server is healthy.
[2025-08-16T01:08:49.0239931-04:00] Exiting server-run.ps1 with code 0 (worker will idle).
[2025-08-16T01:08:51.6081611-04:00] ===== server-run start =====
[2025-08-16T01:08:51.6227443-04:00] PSVersion=5.1.19041.6216 root=C:\Users\kimhy\Desktop\StateID-App
[2025-08-16T01:08:52.1757794-04:00] No conflicting listener on 8787 (or it is our own pid=5688).
[2025-08-16T01:08:52.1757794-04:00] ENV WRITE_IDS=false PORT=8787
[2025-08-16T01:08:52.2136830-04:00] Node path=C:\Program Files\nodejs\node.exe version=v22.16.0
[2025-08-16T01:08:52.3586481-04:00] Starting background job 'StateID-Node'...
[2025-08-16T01:08:52.4680218-04:00] Job started: Id=3 State=Running
[2025-08-16T01:08:53.1041553-04:00] healthz ok on try=0
[2025-08-16T01:08:53.1060720-04:00] Server is healthy.
[2025-08-16T01:08:53.1072775-04:00] Exiting server-run.ps1 with code 0 (worker will idle).
[2025-08-16T01:08:55.1160512-04:00] ===== server-run start =====
[2025-08-16T01:08:55.1280150-04:00] PSVersion=5.1.19041.6216 root=C:\Users\kimhy\Desktop\StateID-App
[2025-08-16T01:08:55.6892221-04:00] No conflicting listener on 8787 (or it is our own pid=12784).
[2025-08-16T01:08:55.6912344-04:00] ENV WRITE_IDS=false PORT=8787
[2025-08-16T01:08:55.7205678-04:00] Node path=C:\Program Files\nodejs\node.exe version=v22.16.0
[2025-08-16T01:08:55.8503125-04:00] Starting background job 'StateID-Node'...
[2025-08-16T01:08:55.9705867-04:00] Job started: Id=3 State=Running
[2025-08-16T01:08:56.5936640-04:00] healthz ok on try=0
[2025-08-16T01:08:56.5936640-04:00] Server is healthy.
[2025-08-16T01:08:56.5936640-04:00] Exiting server-run.ps1 with code 0 (worker will idle).
[2025-08-16T01:08:59.2527955-04:00] ===== server-run start =====
[2025-08-16T01:08:59.2633337-04:00] PSVersion=5.1.19041.6216 root=C:\Users\kimhy\Desktop\StateID-App
[2025-08-16T01:08:59.8413756-04:00] No conflicting listener on 8787 (or it is our own pid=8404).
[2025-08-16T01:08:59.8429541-04:00] ENV WRITE_IDS=false PORT=8787
[2025-08-16T01:08:59.8749210-04:00] Node path=C:\Program Files\nodejs\node.exe version=v22.16.0
[2025-08-16T01:09:00.0234338-04:00] Starting background job 'StateID-Node'...
[2025-08-16T01:09:00.1321514-04:00] Job started: Id=3 State=Running
[2025-08-16T01:09:00.7117144-04:00] healthz ok on try=0
[2025-08-16T01:09:00.7551702-04:00] Server is healthy.
[2025-08-16T01:09:00.7571716-04:00] Exiting server-run.ps1 with code 0 (worker will idle).
[2025-08-16T01:09:02.9891658-04:00] ===== server-run start =====
[2025-08-16T01:09:03.0013872-04:00] PSVersion=5.1.19041.6216 root=C:\Users\kimhy\Desktop\StateID-App
[2025-08-16T01:09:03.5293596-04:00] No conflicting listener on 8787 (or it is our own pid=12092).
[2025-08-16T01:09:03.5312992-04:00] ENV WRITE_IDS=false PORT=8787
[2025-08-16T01:09:03.5640706-04:00] Node path=C:\Program Files\nodejs\node.exe version=v22.16.0
[2025-08-16T01:09:03.7093793-04:00] Starting background job 'StateID-Node'...
[2025-08-16T01:09:03.8134059-04:00] Job started: Id=3 State=Running
[2025-08-16T01:09:04.4262939-04:00] healthz ok on try=0
[2025-08-16T01:09:04.4262939-04:00] Server is healthy.
[2025-08-16T01:09:04.4262939-04:00] Exiting server-run.ps1 with code 0 (worker will idle).
[2025-08-16T01:09:06.5185184-04:00] ===== server-run start =====
[2025-08-16T01:09:06.5294551-04:00] PSVersion=5.1.19041.6216 root=C:\Users\kimhy\Desktop\StateID-App
[2025-08-16T01:09:07.0615919-04:00] No conflicting listener on 8787 (or it is our own pid=1256).
[2025-08-16T01:09:07.0630537-04:00] ENV WRITE_IDS=false PORT=8787
[2025-08-16T01:09:07.0934179-04:00] Node path=C:\Program Files\nodejs\node.exe version=v22.16.0
[2025-08-16T01:09:07.2249397-04:00] Starting background job 'StateID-Node'...
[2025-08-16T01:09:07.3382105-04:00] Job started: Id=3 State=Running
[2025-08-16T01:09:07.9731260-04:00] healthz ok on try=0
[2025-08-16T01:09:07.9751280-04:00] Server is healthy.
[2025-08-16T01:09:07.9762120-04:00] Exiting server-run.ps1 with code 0 (worker will idle).
[2025-08-16T01:09:10.1446905-04:00] ===== server-run start =====
[2025-08-16T01:09:10.1446905-04:00] PSVersion=5.1.19041.6216 root=C:\Users\kimhy\Desktop\StateID-App
[2025-08-16T01:09:10.8036464-04:00] No conflicting listener on 8787 (or it is our own pid=10236).
[2025-08-16T01:09:10.8062099-04:00] ENV WRITE_IDS=false PORT=8787
[2025-08-16T01:09:10.8376622-04:00] Node path=C:\Program Files\nodejs\node.exe version=v22.16.0
[2025-08-16T01:09:10.9773008-04:00] Starting background job 'StateID-Node'...
[2025-08-16T01:09:11.0961741-04:00] Job started: Id=3 State=Running
[2025-08-16T01:09:11.7145140-04:00] healthz ok on try=0
[2025-08-16T01:09:11.7145140-04:00] Server is healthy.
[2025-08-16T01:09:11.7145140-04:00] Exiting server-run.ps1 with code 0 (worker will idle).
[2025-08-16T01:09:13.8139828-04:00] ===== server-run start =====
[2025-08-16T01:09:13.8296057-04:00] PSVersion=5.1.19041.6216 root=C:\Users\kimhy\Desktop\StateID-App
[2025-08-16T01:09:14.3946763-04:00] No conflicting listener on 8787 (or it is our own pid=2028).
[2025-08-16T01:09:14.3966906-04:00] ENV WRITE_IDS=false PORT=8787
[2025-08-16T01:09:14.4201720-04:00] Node path=C:\Program Files\nodejs\node.exe version=v22.16.0
[2025-08-16T01:09:14.5481189-04:00] Starting background job 'StateID-Node'...
[2025-08-16T01:09:14.6641123-04:00] Job started: Id=3 State=Running
[2025-08-16T01:09:15.2831735-04:00] healthz ok on try=0
[2025-08-16T01:09:15.2842221-04:00] Server is healthy.
[2025-08-16T01:09:15.2853511-04:00] Exiting server-run.ps1 with code 0 (worker will idle).
[2025-08-16T01:09:17.3339916-04:00] ===== server-run start =====
[2025-08-16T01:09:17.3496023-04:00] PSVersion=5.1.19041.6216 root=C:\Users\kimhy\Desktop\StateID-App
[2025-08-16T01:09:17.8938328-04:00] No conflicting listener on 8787 (or it is our own pid=10304).
[2025-08-16T01:09:17.8958322-04:00] ENV WRITE_IDS=false PORT=8787
[2025-08-16T01:09:17.9188028-04:00] Node path=C:\Program Files\nodejs\node.exe version=v22.16.0
[2025-08-16T01:09:18.0553652-04:00] Starting background job 'StateID-Node'...
[2025-08-16T01:09:18.1732494-04:00] Job started: Id=3 State=Running
[2025-08-16T01:09:18.7593469-04:00] healthz ok on try=0
[2025-08-16T01:09:18.7613210-04:00] Server is healthy.
[2025-08-16T01:09:18.8072328-04:00] Exiting server-run.ps1 with code 0 (worker will idle).
[2025-08-16T01:09:20.9475511-04:00] ===== server-run start =====
[2025-08-16T01:09:20.9581807-04:00] PSVersion=5.1.19041.6216 root=C:\Users\kimhy\Desktop\StateID-App
[2025-08-16T01:09:21.4948592-04:00] No conflicting listener on 8787 (or it is our own pid=8404).
[2025-08-16T01:09:21.4968577-04:00] ENV WRITE_IDS=false PORT=8787
[2025-08-16T01:09:21.5216881-04:00] Node path=C:\Program Files\nodejs\node.exe version=v22.16.0
[2025-08-16T01:09:21.6605047-04:00] Starting background job 'StateID-Node'...
[2025-08-16T01:09:21.7791053-04:00] Job started: Id=3 State=Running
[2025-08-16T01:09:22.3997693-04:00] healthz ok on try=0
[2025-08-16T01:09:22.4007700-04:00] Server is healthy.
[2025-08-16T01:09:22.4017696-04:00] Exiting server-run.ps1 with code 0 (worker will idle).
[2025-08-16T01:09:24.5721154-04:00] ===== server-run start =====
[2025-08-16T01:09:24.5877417-04:00] PSVersion=5.1.19041.6216 root=C:\Users\kimhy\Desktop\StateID-App
[2025-08-16T01:09:25.1299461-04:00] No conflicting listener on 8787 (or it is our own pid=2996).
[2025-08-16T01:09:25.1317759-04:00] ENV WRITE_IDS=false PORT=8787
[2025-08-16T01:09:25.1606812-04:00] Node path=C:\Program Files\nodejs\node.exe version=v22.16.0
[2025-08-16T01:09:25.2848705-04:00] Starting background job 'StateID-Node'...
[2025-08-16T01:09:25.3851422-04:00] Job started: Id=3 State=Running
[2025-08-16T01:09:26.0161741-04:00] healthz ok on try=0
[2025-08-16T01:09:26.0172923-04:00] Server is healthy.
[2025-08-16T01:09:26.0183421-04:00] Exiting server-run.ps1 with code 0 (worker will idle).
[2025-08-16T01:09:28.0755555-04:00] ===== server-run start =====
[2025-08-16T01:09:28.0755555-04:00] PSVersion=5.1.19041.6216 root=C:\Users\kimhy\Desktop\StateID-App
[2025-08-16T01:09:28.6505519-04:00] No conflicting listener on 8787 (or it is our own pid=6968).
[2025-08-16T01:09:28.6505519-04:00] ENV WRITE_IDS=false PORT=8787
[2025-08-16T01:09:28.6828958-04:00] Node path=C:\Program Files\nodejs\node.exe version=v22.16.0
[2025-08-16T01:09:28.8324117-04:00] Starting background job 'StateID-Node'...
[2025-08-16T01:09:28.9643781-04:00] Job started: Id=3 State=Running
[2025-08-16T01:09:29.5858248-04:00] healthz ok on try=0
[2025-08-16T01:09:29.5868247-04:00] Server is healthy.
[2025-08-16T01:09:29.5878248-04:00] Exiting server-run.ps1 with code 0 (worker will idle).
[2025-08-16T01:09:31.6532050-04:00] ===== server-run start =====
[2025-08-16T01:09:31.6612374-04:00] PSVersion=5.1.19041.6216 root=C:\Users\kimhy\Desktop\StateID-App
[2025-08-16T01:09:32.1555622-04:00] No conflicting listener on 8787 (or it is our own pid=1256).
[2025-08-16T01:09:32.1579747-04:00] ENV WRITE_IDS=false PORT=8787
[2025-08-16T01:09:32.1892845-04:00] Node path=C:\Program Files\nodejs\node.exe version=v22.16.0
[2025-08-16T01:09:32.3168798-04:00] Starting background job 'StateID-Node'...
[2025-08-16T01:09:32.4312979-04:00] Job started: Id=3 State=Running
[2025-08-16T01:09:33.2866530-04:00] healthz ok on try=0
[2025-08-16T01:09:33.3329503-04:00] Server is healthy.
[2025-08-16T01:09:33.3339779-04:00] Exiting server-run.ps1 with code 0 (worker will idle).
[2025-08-16T01:09:35.2204190-04:00] ===== server-run start =====
[2025-08-16T01:09:35.2333437-04:00] PSVersion=5.1.19041.6216 root=C:\Users\kimhy\Desktop\StateID-App
[2025-08-16T01:09:35.7890049-04:00] No conflicting listener on 8787 (or it is our own pid=5312).
[2025-08-16T01:09:35.7890049-04:00] ENV WRITE_IDS=false PORT=8787
[2025-08-16T01:09:35.8202603-04:00] Node path=C:\Program Files\nodejs\node.exe version=v22.16.0
[2025-08-16T01:09:35.9621169-04:00] Starting background job 'StateID-Node'...
[2025-08-16T01:09:36.0854134-04:00] Job started: Id=3 State=Running
[2025-08-16T01:09:36.7302537-04:00] healthz ok on try=0
[2025-08-16T01:09:36.7329441-04:00] Server is healthy.
[2025-08-16T01:09:36.7346689-04:00] Exiting server-run.ps1 with code 0 (worker will idle).
[2025-08-16T01:09:38.7093456-04:00] ===== server-run start =====
[2025-08-16T01:09:38.7159512-04:00] PSVersion=5.1.19041.6216 root=C:\Users\kimhy\Desktop\StateID-App
[2025-08-16T01:09:39.2320345-04:00] No conflicting listener on 8787 (or it is our own pid=9368).
[2025-08-16T01:09:39.2320345-04:00] ENV WRITE_IDS=false PORT=8787
[2025-08-16T01:09:39.2632545-04:00] Node path=C:\Program Files\nodejs\node.exe version=v22.16.0
[2025-08-16T01:09:39.3982520-04:00] Starting background job 'StateID-Node'...
[2025-08-16T01:09:39.5179711-04:00] Job started: Id=3 State=Running
[2025-08-16T01:09:40.1440316-04:00] healthz ok on try=0
[2025-08-16T01:09:40.1454178-04:00] Server is healthy.
[2025-08-16T01:09:40.1454178-04:00] Exiting server-run.ps1 with code 0 (worker will idle).
[2025-08-16T01:09:42.1456648-04:00] ===== server-run start =====
[2025-08-16T01:09:42.1456648-04:00] PSVersion=5.1.19041.6216 root=C:\Users\kimhy\Desktop\StateID-App
[2025-08-16T01:09:42.6885655-04:00] No conflicting listener on 8787 (or it is our own pid=2392).
[2025-08-16T01:09:42.6913811-04:00] ENV WRITE_IDS=false PORT=8787
[2025-08-16T01:09:42.7186917-04:00] Node path=C:\Program Files\nodejs\node.exe version=v22.16.0
[2025-08-16T01:09:42.8343303-04:00] Starting background job 'StateID-Node'...
[2025-08-16T01:09:42.9314402-04:00] Job started: Id=3 State=Running
[2025-08-16T01:09:43.5628799-04:00] healthz ok on try=0
[2025-08-16T01:09:43.5638804-04:00] Server is healthy.
[2025-08-16T01:09:43.5648593-04:00] Exiting server-run.ps1 with code 0 (worker will idle).
[2025-08-16T01:09:45.7015651-04:00] ===== server-run start =====
[2025-08-16T01:09:45.7041752-04:00] PSVersion=5.1.19041.6216 root=C:\Users\kimhy\Desktop\StateID-App
[2025-08-16T01:09:46.2492528-04:00] No conflicting listener on 8787 (or it is our own pid=9220).
[2025-08-16T01:09:46.2512292-04:00] ENV WRITE_IDS=false PORT=8787
[2025-08-16T01:09:46.2800880-04:00] Node path=C:\Program Files\nodejs\node.exe version=v22.16.0
[2025-08-16T01:09:46.4055065-04:00] Starting background job 'StateID-Node'...
[2025-08-16T01:09:46.5161123-04:00] Job started: Id=3 State=Running
[2025-08-16T01:09:47.0878778-04:00] healthz ok on try=0
[2025-08-16T01:09:47.0878778-04:00] Server is healthy.
[2025-08-16T01:09:47.0878778-04:00] Exiting server-run.ps1 with code 0 (worker will idle).
[2025-08-16T01:09:49.0890499-04:00] ===== server-run start =====
[2025-08-16T01:09:49.1046529-04:00] PSVersion=5.1.19041.6216 root=C:\Users\kimhy\Desktop\StateID-App
[2025-08-16T01:09:49.5977718-04:00] No conflicting listener on 8787 (or it is our own pid=12716).
[2025-08-16T01:09:49.5977718-04:00] ENV WRITE_IDS=false PORT=8787
[2025-08-16T01:09:49.6354757-04:00] Node path=C:\Program Files\nodejs\node.exe version=v22.16.0
[2025-08-16T01:09:49.7580111-04:00] Starting background job 'StateID-Node'...
[2025-08-16T01:09:49.8557217-04:00] Job started: Id=3 State=Running
[2025-08-16T01:09:50.4976903-04:00] healthz ok on try=0
[2025-08-16T01:09:50.4986944-04:00] Server is healthy.
[2025-08-16T01:09:50.4996905-04:00] Exiting server-run.ps1 with code 0 (worker will idle).
[2025-08-16T01:09:52.5793484-04:00] ===== server-run start =====
[2025-08-16T01:09:52.5893445-04:00] PSVersion=5.1.19041.6216 root=C:\Users\kimhy\Desktop\StateID-App
[2025-08-16T01:09:53.0745290-04:00] No conflicting listener on 8787 (or it is our own pid=9868).
[2025-08-16T01:09:53.0745290-04:00] ENV WRITE_IDS=false PORT=8787
[2025-08-16T01:09:53.1057795-04:00] Node path=C:\Program Files\nodejs\node.exe version=v22.16.0
[2025-08-16T01:09:53.2465237-04:00] Starting background job 'StateID-Node'...
[2025-08-16T01:09:53.3523714-04:00] Job started: Id=3 State=Running
[2025-08-16T01:09:53.9744383-04:00] healthz ok on try=0
[2025-08-16T01:09:53.9753948-04:00] Server is healthy.
[2025-08-16T01:09:53.9768912-04:00] Exiting server-run.ps1 with code 0 (worker will idle).
[2025-08-16T01:09:55.9026081-04:00] ===== server-run start =====
[2025-08-16T01:09:55.9182338-04:00] PSVersion=5.1.19041.6216 root=C:\Users\kimhy\Desktop\StateID-App
[2025-08-16T01:09:56.4080089-04:00] No conflicting listener on 8787 (or it is our own pid=11072).
[2025-08-16T01:09:56.4080089-04:00] ENV WRITE_IDS=false PORT=8787
[2025-08-16T01:09:56.4392561-04:00] Node path=C:\Program Files\nodejs\node.exe version=v22.16.0
[2025-08-16T01:09:56.5645795-04:00] Starting background job 'StateID-Node'...
[2025-08-16T01:09:56.7369762-04:00] Job started: Id=3 State=Running
[2025-08-16T01:09:57.3359287-04:00] healthz ok on try=0
[2025-08-16T01:09:57.3359287-04:00] Server is healthy.
[2025-08-16T01:09:57.3359287-04:00] Exiting server-run.ps1 with code 0 (worker will idle).
[2025-08-16T01:09:59.3991785-04:00] ===== server-run start =====
[2025-08-16T01:09:59.4148035-04:00] PSVersion=5.1.19041.6216 root=C:\Users\kimhy\Desktop\StateID-App
[2025-08-16T01:09:59.9184088-04:00] No conflicting listener on 8787 (or it is our own pid=12012).
[2025-08-16T01:09:59.9184088-04:00] ENV WRITE_IDS=false PORT=8787
[2025-08-16T01:09:59.9564872-04:00] Node path=C:\Program Files\nodejs\node.exe version=v22.16.0
[2025-08-16T01:10:00.0896297-04:00] Starting background job 'StateID-Node'...
[2025-08-16T01:10:00.1969975-04:00] Job started: Id=3 State=Running
[2025-08-16T01:10:00.8604415-04:00] healthz ok on try=0
[2025-08-16T01:10:00.8604415-04:00] Server is healthy.
[2025-08-16T01:10:00.8604415-04:00] Exiting server-run.ps1 with code 0 (worker will idle).
[2025-08-16T01:10:02.8411553-04:00] ===== server-run start =====
[2025-08-16T01:10:02.8518384-04:00] PSVersion=5.1.19041.6216 root=C:\Users\kimhy\Desktop\StateID-App
[2025-08-16T01:10:03.3615342-04:00] No conflicting listener on 8787 (or it is our own pid=9800).
[2025-08-16T01:10:03.3615342-04:00] ENV WRITE_IDS=false PORT=8787
[2025-08-16T01:10:03.3927857-04:00] Node path=C:\Program Files\nodejs\node.exe version=v22.16.0
[2025-08-16T01:10:03.5190632-04:00] Starting background job 'StateID-Node'...
[2025-08-16T01:10:03.6284398-04:00] Job started: Id=3 State=Running
[2025-08-16T01:10:04.2265017-04:00] healthz ok on try=0
[2025-08-16T01:10:04.2265017-04:00] Server is healthy.
[2025-08-16T01:10:04.2265017-04:00] Exiting server-run.ps1 with code 0 (worker will idle).
[2025-08-16T01:10:06.1646361-04:00] ===== server-run start =====
[2025-08-16T01:10:06.1646361-04:00] PSVersion=5.1.19041.6216 root=C:\Users\kimhy\Desktop\StateID-App
[2025-08-16T01:10:06.6747356-04:00] No conflicting listener on 8787 (or it is our own pid=9728).
[2025-08-16T01:10:06.6872895-04:00] ENV WRITE_IDS=false PORT=8787
[2025-08-16T01:10:06.7232436-04:00] Node path=C:\Program Files\nodejs\node.exe version=v22.16.0
[2025-08-16T01:10:06.8601590-04:00] Starting background job 'StateID-Node'...
[2025-08-16T01:10:06.9792462-04:00] Job started: Id=3 State=Running
[2025-08-16T01:10:07.5913322-04:00] healthz ok on try=0
[2025-08-16T01:10:07.5927561-04:00] Server is healthy.
[2025-08-16T01:10:07.5927561-04:00] Exiting server-run.ps1 with code 0 (worker will idle).
[2025-08-16T01:10:09.6335291-04:00] ===== server-run start =====
[2025-08-16T01:10:09.6335291-04:00] PSVersion=5.1.19041.6216 root=C:\Users\kimhy\Desktop\StateID-App
[2025-08-16T01:10:10.1328949-04:00] No conflicting listener on 8787 (or it is our own pid=6360).
[2025-08-16T01:10:10.1328949-04:00] ENV WRITE_IDS=false PORT=8787
[2025-08-16T01:10:10.1641432-04:00] Node path=C:\Program Files\nodejs\node.exe version=v22.16.0
[2025-08-16T01:10:10.2995370-04:00] Starting background job 'StateID-Node'...
[2025-08-16T01:10:10.4123096-04:00] Job started: Id=3 State=Running
[2025-08-16T01:10:11.0174534-04:00] healthz ok on try=0
[2025-08-16T01:10:11.0184532-04:00] Server is healthy.
[2025-08-16T01:10:11.0194550-04:00] Exiting server-run.ps1 with code 0 (worker will idle).
[2025-08-16T01:10:12.9102423-04:00] ===== server-run start =====
[2025-08-16T01:10:12.9258833-04:00] PSVersion=5.1.19041.6216 root=C:\Users\kimhy\Desktop\StateID-App
[2025-08-16T01:10:13.4119609-04:00] No conflicting listener on 8787 (or it is our own pid=3572).
[2025-08-16T01:10:13.4126010-04:00] ENV WRITE_IDS=false PORT=8787
[2025-08-16T01:10:13.4448410-04:00] Node path=C:\Program Files\nodejs\node.exe version=v22.16.0
[2025-08-16T01:10:13.5903297-04:00] Starting background job 'StateID-Node'...
[2025-08-16T01:10:13.6968336-04:00] Job started: Id=3 State=Running
[2025-08-16T01:10:14.2883484-04:00] healthz ok on try=0
[2025-08-16T01:10:14.2902829-04:00] Server is healthy.
[2025-08-16T01:10:14.2912968-04:00] Exiting server-run.ps1 with code 0 (worker will idle).
[2025-08-16T01:10:16.2025236-04:00] ===== server-run start =====
[2025-08-16T01:10:16.2181532-04:00] PSVersion=5.1.19041.6216 root=C:\Users\kimhy\Desktop\StateID-App
[2025-08-16T01:10:16.7078105-04:00] No conflicting listener on 8787 (or it is our own pid=3068).
[2025-08-16T01:10:16.7078105-04:00] ENV WRITE_IDS=false PORT=8787
[2025-08-16T01:10:16.7415791-04:00] Node path=C:\Program Files\nodejs\node.exe version=v22.16.0
[2025-08-16T01:10:16.8582734-04:00] Starting background job 'StateID-Node'...
[2025-08-16T01:10:16.9676529-04:00] Job started: Id=3 State=Running
[2025-08-16T01:10:17.5636239-04:00] healthz ok on try=0
[2025-08-16T01:10:17.5636239-04:00] Server is healthy.
[2025-08-16T01:10:17.5636239-04:00] Exiting server-run.ps1 with code 0 (worker will idle).
[2025-08-16T01:10:20.0402239-04:00] ===== server-run start =====
[2025-08-16T01:10:20.0530760-04:00] PSVersion=5.1.19041.6216 root=C:\Users\kimhy\Desktop\StateID-App
[2025-08-16T01:10:20.5659516-04:00] No conflicting listener on 8787 (or it is our own pid=3184).
[2025-08-16T01:10:20.5659516-04:00] ENV WRITE_IDS=false PORT=8787
[2025-08-16T01:10:20.5972002-04:00] Node path=C:\Program Files\nodejs\node.exe version=v22.16.0
[2025-08-16T01:10:20.7222241-04:00] Starting background job 'StateID-Node'...
[2025-08-16T01:10:20.8174318-04:00] Job started: Id=3 State=Running
[2025-08-16T01:10:21.4247344-04:00] healthz ok on try=0
[2025-08-16T01:10:21.4247344-04:00] Server is healthy.
[2025-08-16T01:10:21.4247344-04:00] Exiting server-run.ps1 with code 0 (worker will idle).
[2025-08-16T01:10:23.5396605-04:00] ===== server-run start =====
[2025-08-16T01:10:23.5467239-04:00] PSVersion=5.1.19041.6216 root=C:\Users\kimhy\Desktop\StateID-App
[2025-08-16T01:10:24.0298951-04:00] No conflicting listener on 8787 (or it is our own pid=1528).
[2025-08-16T01:10:24.0319259-04:00] ENV WRITE_IDS=false PORT=8787
[2025-08-16T01:10:24.0597350-04:00] Node path=C:\Program Files\nodejs\node.exe version=v22.16.0
[2025-08-16T01:10:24.1807086-04:00] Starting background job 'StateID-Node'...
[2025-08-16T01:10:24.2952444-04:00] Job started: Id=3 State=Running
[2025-08-16T01:10:24.9273667-04:00] healthz ok on try=0
[2025-08-16T01:10:24.9273667-04:00] Server is healthy.
[2025-08-16T01:10:24.9273667-04:00] Exiting server-run.ps1 with code 0 (worker will idle).
[2025-08-16T01:10:26.9141281-04:00] ===== server-run start =====
[2025-08-16T01:10:26.9250337-04:00] PSVersion=5.1.19041.6216 root=C:\Users\kimhy\Desktop\StateID-App
[2025-08-16T01:10:27.4465366-04:00] No conflicting listener on 8787 (or it is our own pid=12716).
[2025-08-16T01:10:27.4488834-04:00] ENV WRITE_IDS=false PORT=8787
[2025-08-16T01:10:27.4653951-04:00] Node path=C:\Program Files\nodejs\node.exe version=v22.16.0
[2025-08-16T01:10:27.5903978-04:00] Starting background job 'StateID-Node'...
[2025-08-16T01:10:27.6997739-04:00] Job started: Id=3 State=Running
[2025-08-16T01:10:28.3059338-04:00] healthz ok on try=0
[2025-08-16T01:10:28.3059338-04:00] Server is healthy.
[2025-08-16T01:10:28.3059338-04:00] Exiting server-run.ps1 with code 0 (worker will idle).
[2025-08-16T01:10:30.3847221-04:00] ===== server-run start =====
[2025-08-16T01:10:30.4105656-04:00] PSVersion=5.1.19041.6216 root=C:\Users\kimhy\Desktop\StateID-App
[2025-08-16T01:10:30.8821360-04:00] No conflicting listener on 8787 (or it is our own pid=2264).
[2025-08-16T01:10:30.8977634-04:00] ENV WRITE_IDS=false PORT=8787
[2025-08-16T01:10:30.9133580-04:00] Node path=C:\Program Files\nodejs\node.exe version=v22.16.0
[2025-08-16T01:10:31.0937367-04:00] Starting background job 'StateID-Node'...
[2025-08-16T01:10:31.2166013-04:00] Job started: Id=3 State=Running
[2025-08-16T01:10:31.8279651-04:00] healthz ok on try=0
[2025-08-16T01:10:31.8279651-04:00] Server is healthy.
[2025-08-16T01:10:31.8279651-04:00] Exiting server-run.ps1 with code 0 (worker will idle).
[2025-08-16T01:10:33.8773007-04:00] ===== server-run start =====
[2025-08-16T01:10:33.8881996-04:00] PSVersion=5.1.19041.6216 root=C:\Users\kimhy\Desktop\StateID-App
[2025-08-16T01:10:34.3918746-04:00] No conflicting listener on 8787 (or it is our own pid=2964).
[2025-08-16T01:10:34.3938748-04:00] ENV WRITE_IDS=false PORT=8787
[2025-08-16T01:10:34.4189214-04:00] Node path=C:\Program Files\nodejs\node.exe version=v22.16.0
[2025-08-16T01:10:34.5900072-04:00] Starting background job 'StateID-Node'...
[2025-08-16T01:10:34.7165269-04:00] Job started: Id=3 State=Running
[2025-08-16T01:10:35.3023827-04:00] healthz ok on try=0
[2025-08-16T01:10:35.3394832-04:00] Server is healthy.
[2025-08-16T01:10:35.3405082-04:00] Exiting server-run.ps1 with code 0 (worker will idle).
[2025-08-16T01:10:37.3536043-04:00] ===== server-run start =====
[2025-08-16T01:10:37.3645990-04:00] PSVersion=5.1.19041.6216 root=C:\Users\kimhy\Desktop\StateID-App
[2025-08-16T01:10:37.8610114-04:00] No conflicting listener on 8787 (or it is our own pid=11256).
[2025-08-16T01:10:37.8610114-04:00] ENV WRITE_IDS=false PORT=8787
[2025-08-16T01:10:37.8922993-04:00] Node path=C:\Program Files\nodejs\node.exe version=v22.16.0
[2025-08-16T01:10:38.0317099-04:00] Starting background job 'StateID-Node'...
[2025-08-16T01:10:38.1225103-04:00] Job started: Id=3 State=Running
[2025-08-16T01:10:38.7462248-04:00] healthz ok on try=0
[2025-08-16T01:10:38.7462248-04:00] Server is healthy.
[2025-08-16T01:10:38.7618649-04:00] Exiting server-run.ps1 with code 0 (worker will idle).
[2025-08-16T01:10:40.9208394-04:00] ===== server-run start =====
[2025-08-16T01:10:40.9333420-04:00] PSVersion=5.1.19041.6216 root=C:\Users\kimhy\Desktop\StateID-App
[2025-08-16T01:10:41.4405022-04:00] No conflicting listener on 8787 (or it is our own pid=10876).
[2025-08-16T01:10:41.4405022-04:00] ENV WRITE_IDS=false PORT=8787
[2025-08-16T01:10:41.4768814-04:00] Node path=C:\Program Files\nodejs\node.exe version=v22.16.0
[2025-08-16T01:10:41.6073711-04:00] Starting background job 'StateID-Node'...
[2025-08-16T01:10:41.7111085-04:00] Job started: Id=3 State=Running
[2025-08-16T01:10:42.3040961-04:00] healthz ok on try=0
[2025-08-16T01:10:42.3509744-04:00] Server is healthy.
[2025-08-16T01:10:42.3665966-04:00] Exiting server-run.ps1 with code 0 (worker will idle).
[2025-08-16T01:10:44.4665325-04:00] ===== server-run start =====
[2025-08-16T01:10:44.4787298-04:00] PSVersion=5.1.19041.6216 root=C:\Users\kimhy\Desktop\StateID-App
[2025-08-16T01:10:44.9921861-04:00] No conflicting listener on 8787 (or it is our own pid=2728).
[2025-08-16T01:10:44.9938498-04:00] ENV WRITE_IDS=false PORT=8787
[2025-08-16T01:10:45.0094773-04:00] Node path=C:\Program Files\nodejs\node.exe version=v22.16.0
[2025-08-16T01:10:45.1406761-04:00] Starting background job 'StateID-Node'...
[2025-08-16T01:10:45.2344380-04:00] Job started: Id=3 State=Running
[2025-08-16T01:10:45.8781568-04:00] healthz ok on try=0
[2025-08-16T01:10:45.8801637-04:00] Server is healthy.
[2025-08-16T01:10:45.8831612-04:00] Exiting server-run.ps1 with code 0 (worker will idle).
[2025-08-16T01:10:48.1568961-04:00] ===== server-run start =====
[2025-08-16T01:10:48.1624978-04:00] PSVersion=5.1.19041.6216 root=C:\Users\kimhy\Desktop\StateID-App
[2025-08-16T01:10:48.6781245-04:00] No conflicting listener on 8787 (or it is our own pid=7768).
[2025-08-16T01:10:48.6781245-04:00] ENV WRITE_IDS=false PORT=8787
[2025-08-16T01:10:48.7093742-04:00] Node path=C:\Program Files\nodejs\node.exe version=v22.16.0
[2025-08-16T01:10:48.8682120-04:00] Starting background job 'StateID-Node'...
[2025-08-16T01:10:48.9910249-04:00] Job started: Id=3 State=Running
[2025-08-16T01:10:49.6469691-04:00] healthz ok on try=0
[2025-08-16T01:10:49.6796391-04:00] Server is healthy.
[2025-08-16T01:10:49.7291653-04:00] Exiting server-run.ps1 with code 0 (worker will idle).
[2025-08-16T01:10:51.7580722-04:00] ===== server-run start =====
[2025-08-16T01:10:51.7689742-04:00] PSVersion=5.1.19041.6216 root=C:\Users\kimhy\Desktop\StateID-App
[2025-08-16T01:10:52.2836779-04:00] No conflicting listener on 8787 (or it is our own pid=7280).
[2025-08-16T01:10:52.2856794-04:00] ENV WRITE_IDS=false PORT=8787
[2025-08-16T01:10:52.3166595-04:00] Node path=C:\Program Files\nodejs\node.exe version=v22.16.0
[2025-08-16T01:10:52.4422300-04:00] Starting background job 'StateID-Node'...
[2025-08-16T01:10:52.5470972-04:00] Job started: Id=3 State=Running
[2025-08-16T01:10:53.1533958-04:00] healthz ok on try=0
[2025-08-16T01:10:53.1533958-04:00] Server is healthy.
[2025-08-16T01:10:53.1533958-04:00] Exiting server-run.ps1 with code 0 (worker will idle).
[2025-08-16T01:10:55.0769706-04:00] ===== server-run start =====
[2025-08-16T01:10:55.0926192-04:00] PSVersion=5.1.19041.6216 root=C:\Users\kimhy\Desktop\StateID-App
[2025-08-16T01:10:55.5745196-04:00] No conflicting listener on 8787 (or it is our own pid=8336).
[2025-08-16T01:10:55.5745196-04:00] ENV WRITE_IDS=false PORT=8787
[2025-08-16T01:10:55.6057367-04:00] Node path=C:\Program Files\nodejs\node.exe version=v22.16.0
[2025-08-16T01:10:55.7203208-04:00] Starting background job 'StateID-Node'...
[2025-08-16T01:10:55.8297075-04:00] Job started: Id=3 State=Running
[2025-08-16T01:10:56.4383003-04:00] healthz ok on try=0
[2025-08-16T01:10:56.4383003-04:00] Server is healthy.
[2025-08-16T01:10:56.4383003-04:00] Exiting server-run.ps1 with code 0 (worker will idle).
[2025-08-16T01:10:58.2588000-04:00] ===== server-run start =====
[2025-08-16T01:10:58.2803867-04:00] PSVersion=5.1.19041.6216 root=C:\Users\kimhy\Desktop\StateID-App
[2025-08-16T01:10:58.7588193-04:00] No conflicting listener on 8787 (or it is our own pid=12604).
[2025-08-16T01:10:58.7588193-04:00] ENV WRITE_IDS=false PORT=8787
[2025-08-16T01:10:58.7900603-04:00] Node path=C:\Program Files\nodejs\node.exe version=v22.16.0
[2025-08-16T01:10:58.9157601-04:00] Starting background job 'StateID-Node'...
[2025-08-16T01:10:59.0094969-04:00] Job started: Id=3 State=Running
[2025-08-16T01:10:59.5723169-04:00] healthz ok on try=0
[2025-08-16T01:10:59.6085982-04:00] Server is healthy.
[2025-08-16T01:10:59.6096005-04:00] Exiting server-run.ps1 with code 0 (worker will idle).
[2025-08-16T01:11:01.5361118-04:00] ===== server-run start =====
[2025-08-16T01:11:01.5517384-04:00] PSVersion=5.1.19041.6216 root=C:\Users\kimhy\Desktop\StateID-App
[2025-08-16T01:11:02.0708268-04:00] No conflicting listener on 8787 (or it is our own pid=10096).
[2025-08-16T01:11:02.0708268-04:00] ENV WRITE_IDS=false PORT=8787
[2025-08-16T01:11:02.1020770-04:00] Node path=C:\Program Files\nodejs\node.exe version=v22.16.0
[2025-08-16T01:11:02.2323213-04:00] Starting background job 'StateID-Node'...
[2025-08-16T01:11:02.3564325-04:00] Job started: Id=3 State=Running
[2025-08-16T01:11:02.9681296-04:00] healthz ok on try=0
[2025-08-16T01:11:02.9695942-04:00] Server is healthy.
[2025-08-16T01:11:02.9705986-04:00] Exiting server-run.ps1 with code 0 (worker will idle).
[2025-08-16T01:11:04.8527214-04:00] ===== server-run start =====
[2025-08-16T01:11:04.8683208-04:00] PSVersion=5.1.19041.6216 root=C:\Users\kimhy\Desktop\StateID-App
[2025-08-16T01:11:05.3730868-04:00] No conflicting listener on 8787 (or it is our own pid=9712).
[2025-08-16T01:11:05.3730868-04:00] ENV WRITE_IDS=false PORT=8787
[2025-08-16T01:11:05.4043370-04:00] Node path=C:\Program Files\nodejs\node.exe version=v22.16.0
[2025-08-16T01:11:05.5502748-04:00] Starting background job 'StateID-Node'...
[2025-08-16T01:11:05.6894384-04:00] Job started: Id=3 State=Running
[2025-08-16T01:11:06.3163301-04:00] healthz ok on try=0
[2025-08-16T01:11:06.3173319-04:00] Server is healthy.
[2025-08-16T01:11:06.3183305-04:00] Exiting server-run.ps1 with code 0 (worker will idle).
[2025-08-16T01:11:08.2624878-04:00] ===== server-run start =====
[2025-08-16T01:11:08.2624878-04:00] PSVersion=5.1.19041.6216 root=C:\Users\kimhy\Desktop\StateID-App
[2025-08-16T01:11:08.7909917-04:00] No conflicting listener on 8787 (or it is our own pid=6436).
[2025-08-16T01:11:08.7909917-04:00] ENV WRITE_IDS=false PORT=8787
[2025-08-16T01:11:08.8065869-04:00] Node path=C:\Program Files\nodejs\node.exe version=v22.16.0
[2025-08-16T01:11:08.9379519-04:00] Starting background job 'StateID-Node'...
[2025-08-16T01:11:09.0472746-04:00] Job started: Id=3 State=Running
[2025-08-16T01:11:09.7092170-04:00] healthz ok on try=0
[2025-08-16T01:11:09.7114087-04:00] Server is healthy.
[2025-08-16T01:11:09.7134095-04:00] Exiting server-run.ps1 with code 0 (worker will idle).
[2025-08-16T01:11:11.9456264-04:00] ===== server-run start =====
[2025-08-16T01:11:11.9456264-04:00] PSVersion=5.1.19041.6216 root=C:\Users\kimhy\Desktop\StateID-App
[2025-08-16T01:11:12.4711286-04:00] No conflicting listener on 8787 (or it is our own pid=10704).
[2025-08-16T01:11:12.4711286-04:00] ENV WRITE_IDS=false PORT=8787
[2025-08-16T01:11:12.5057352-04:00] Node path=C:\Program Files\nodejs\node.exe version=v22.16.0
[2025-08-16T01:11:12.6343452-04:00] Starting background job 'StateID-Node'...
[2025-08-16T01:11:12.7259872-04:00] Job started: Id=3 State=Running
[2025-08-16T01:11:13.3690961-04:00] healthz ok on try=0
[2025-08-16T01:11:13.3700974-04:00] Server is healthy.
[2025-08-16T01:11:13.3710973-04:00] Exiting server-run.ps1 with code 0 (worker will idle).
[2025-08-16T01:11:15.2925742-04:00] ===== server-run start =====
[2025-08-16T01:11:15.3082015-04:00] PSVersion=5.1.19041.6216 root=C:\Users\kimhy\Desktop\StateID-App
[2025-08-16T01:11:15.8133139-04:00] No conflicting listener on 8787 (or it is our own pid=6972).
[2025-08-16T01:11:15.8157413-04:00] ENV WRITE_IDS=false PORT=8787
[2025-08-16T01:11:15.8318106-04:00] Node path=C:\Program Files\nodejs\node.exe version=v22.16.0
[2025-08-16T01:11:15.9655546-04:00] Starting background job 'StateID-Node'...
[2025-08-16T01:11:16.0807256-04:00] Job started: Id=3 State=Running
[2025-08-16T01:11:16.6568857-04:00] healthz ok on try=0
[2025-08-16T01:11:16.6568857-04:00] Server is healthy.
[2025-08-16T01:11:16.6568857-04:00] Exiting server-run.ps1 with code 0 (worker will idle).
[2025-08-16T01:11:18.7510861-04:00] ===== server-run start =====
[2025-08-16T01:11:18.7610862-04:00] PSVersion=5.1.19041.6216 root=C:\Users\kimhy\Desktop\StateID-App
[2025-08-16T01:11:19.4491640-04:00] No conflicting listener on 8787 (or it is our own pid=3120).
[2025-08-16T01:11:19.4512088-04:00] ENV WRITE_IDS=false PORT=8787
[2025-08-16T01:11:19.4779094-04:00] Node path=C:\Program Files\nodejs\node.exe version=v22.16.0
[2025-08-16T01:11:19.6054036-04:00] Starting background job 'StateID-Node'...
[2025-08-16T01:11:19.7190774-04:00] Job started: Id=3 State=Running
[2025-08-16T01:11:20.3351803-04:00] healthz ok on try=0
[2025-08-16T01:11:20.3361834-04:00] Server is healthy.
[2025-08-16T01:11:20.3371808-04:00] Exiting server-run.ps1 with code 0 (worker will idle).
[2025-08-16T01:11:22.1871900-04:00] ===== server-run start =====
[2025-08-16T01:11:22.2081206-04:00] PSVersion=5.1.19041.6216 root=C:\Users\kimhy\Desktop\StateID-App
[2025-08-16T01:11:22.7003470-04:00] No conflicting listener on 8787 (or it is our own pid=2052).
[2025-08-16T01:11:22.7003470-04:00] ENV WRITE_IDS=false PORT=8787
[2025-08-16T01:11:22.7315828-04:00] Node path=C:\Program Files\nodejs\node.exe version=v22.16.0
[2025-08-16T01:11:22.8722737-04:00] Starting background job 'StateID-Node'...
[2025-08-16T01:11:22.9813280-04:00] Job started: Id=3 State=Running
[2025-08-16T01:11:23.5650132-04:00] healthz ok on try=0
[2025-08-16T01:11:23.5660137-04:00] Server is healthy.
[2025-08-16T01:11:23.6060537-04:00] Exiting server-run.ps1 with code 0 (worker will idle).
[2025-08-16T01:11:25.6406209-04:00] ===== server-run start =====
[2025-08-16T01:11:25.6406209-04:00] PSVersion=5.1.19041.6216 root=C:\Users\kimhy\Desktop\StateID-App
[2025-08-16T01:11:26.1421708-04:00] No conflicting listener on 8787 (or it is our own pid=11432).
[2025-08-16T01:11:26.1421708-04:00] ENV WRITE_IDS=false PORT=8787
[2025-08-16T01:11:26.1734193-04:00] Node path=C:\Program Files\nodejs\node.exe version=v22.16.0
[2025-08-16T01:11:26.3065236-04:00] Starting background job 'StateID-Node'...
[2025-08-16T01:11:26.4183848-04:00] Job started: Id=3 State=Running
[2025-08-16T01:11:27.0053671-04:00] healthz ok on try=0
[2025-08-16T01:11:27.0053671-04:00] Server is healthy.
[2025-08-16T01:11:27.0053671-04:00] Exiting server-run.ps1 with code 0 (worker will idle).
[2025-08-16T01:11:28.9685880-04:00] ===== server-run start =====
[2025-08-16T01:11:28.9685880-04:00] PSVersion=5.1.19041.6216 root=C:\Users\kimhy\Desktop\StateID-App
[2025-08-16T01:11:29.4578636-04:00] No conflicting listener on 8787 (or it is our own pid=2900).
[2025-08-16T01:11:29.4578636-04:00] ENV WRITE_IDS=false PORT=8787
[2025-08-16T01:11:29.4891143-04:00] Node path=C:\Program Files\nodejs\node.exe version=v22.16.0
[2025-08-16T01:11:29.6298170-04:00] Starting background job 'StateID-Node'...
[2025-08-16T01:11:29.7387581-04:00] Job started: Id=3 State=Running
[2025-08-16T01:11:30.3549090-04:00] healthz ok on try=0
[2025-08-16T01:11:30.3568778-04:00] Server is healthy.
[2025-08-16T01:11:30.3575589-04:00] Exiting server-run.ps1 with code 0 (worker will idle).
[2025-08-16T01:11:32.5818131-04:00] ===== server-run start =====
[2025-08-16T01:11:32.5924132-04:00] PSVersion=5.1.19041.6216 root=C:\Users\kimhy\Desktop\StateID-App
[2025-08-16T01:11:33.1614780-04:00] No conflicting listener on 8787 (or it is our own pid=2144).
[2025-08-16T01:11:33.1634789-04:00] ENV WRITE_IDS=false PORT=8787
[2025-08-16T01:11:33.2039028-04:00] Node path=C:\Program Files\nodejs\node.exe version=v22.16.0
[2025-08-16T01:11:33.3582678-04:00] Starting background job 'StateID-Node'...
[2025-08-16T01:11:33.4903404-04:00] Job started: Id=3 State=Running
[2025-08-16T01:11:34.1152289-04:00] healthz ok on try=0
[2025-08-16T01:11:34.1162292-04:00] Server is healthy.
[2025-08-16T01:11:34.1172296-04:00] Exiting server-run.ps1 with code 0 (worker will idle).
[2025-08-16T01:11:36.4386992-04:00] ===== server-run start =====
[2025-08-16T01:11:36.4489582-04:00] PSVersion=5.1.19041.6216 root=C:\Users\kimhy\Desktop\StateID-App
[2025-08-16T01:11:37.0553375-04:00] No conflicting listener on 8787 (or it is our own pid=5880).
[2025-08-16T01:11:37.0573397-04:00] ENV WRITE_IDS=false PORT=8787
[2025-08-16T01:11:37.0871002-04:00] Node path=C:\Program Files\nodejs\node.exe version=v22.16.0
[2025-08-16T01:11:37.2241207-04:00] Starting background job 'StateID-Node'...
[2025-08-16T01:11:37.3525518-04:00] Job started: Id=3 State=Running
[2025-08-16T01:11:37.9776208-04:00] healthz ok on try=0
[2025-08-16T01:11:37.9803302-04:00] Server is healthy.
[2025-08-16T01:11:37.9813635-04:00] Exiting server-run.ps1 with code 0 (worker will idle).
[2025-08-16T01:11:39.9886512-04:00] ===== server-run start =====
[2025-08-16T01:11:39.9998552-04:00] PSVersion=5.1.19041.6216 root=C:\Users\kimhy\Desktop\StateID-App
[2025-08-16T01:11:40.5320812-04:00] No conflicting listener on 8787 (or it is our own pid=6076).
[2025-08-16T01:11:40.5340571-04:00] ENV WRITE_IDS=false PORT=8787
[2025-08-16T01:11:40.5627033-04:00] Node path=C:\Program Files\nodejs\node.exe version=v22.16.0
[2025-08-16T01:11:40.6941703-04:00] Starting background job 'StateID-Node'...
[2025-08-16T01:11:40.8058683-04:00] Job started: Id=3 State=Running
[2025-08-16T01:11:41.4189698-04:00] healthz ok on try=0
[2025-08-16T01:11:41.4209699-04:00] Server is healthy.
[2025-08-16T01:11:41.4651035-04:00] Exiting server-run.ps1 with code 0 (worker will idle).
[2025-08-16T01:11:43.6264431-04:00] ===== server-run start =====
[2025-08-16T01:11:43.6370818-04:00] PSVersion=5.1.19041.6216 root=C:\Users\kimhy\Desktop\StateID-App
[2025-08-16T01:11:44.1531687-04:00] No conflicting listener on 8787 (or it is our own pid=6048).
[2025-08-16T01:11:44.1561686-04:00] ENV WRITE_IDS=false PORT=8787
[2025-08-16T01:11:44.1855069-04:00] Node path=C:\Program Files\nodejs\node.exe version=v22.16.0
[2025-08-16T01:11:44.3132324-04:00] Starting background job 'StateID-Node'...
[2025-08-16T01:11:44.4279595-04:00] Job started: Id=3 State=Running
[2025-08-16T01:11:45.0454020-04:00] healthz ok on try=0
[2025-08-16T01:11:45.0474018-04:00] Server is healthy.
[2025-08-16T01:11:45.0484012-04:00] Exiting server-run.ps1 with code 0 (worker will idle).
[2025-08-16T01:11:47.0787171-04:00] ===== server-run start =====
[2025-08-16T01:11:47.0895262-04:00] PSVersion=5.1.19041.6216 root=C:\Users\kimhy\Desktop\StateID-App
[2025-08-16T01:11:47.6023972-04:00] No conflicting listener on 8787 (or it is our own pid=3028).
[2025-08-16T01:11:47.6045012-04:00] ENV WRITE_IDS=false PORT=8787
[2025-08-16T01:11:47.6330923-04:00] Node path=C:\Program Files\nodejs\node.exe version=v22.16.0
[2025-08-16T01:11:47.7596080-04:00] Starting background job 'StateID-Node'...
[2025-08-16T01:11:47.8692801-04:00] Job started: Id=3 State=Running
[2025-08-16T01:11:48.4670679-04:00] healthz ok on try=0
[2025-08-16T01:11:48.5052808-04:00] Server is healthy.
[2025-08-16T01:11:48.5072800-04:00] Exiting server-run.ps1 with code 0 (worker will idle).
[2025-08-16T01:11:50.4927163-04:00] ===== server-run start =====
[2025-08-16T01:11:50.5037403-04:00] PSVersion=5.1.19041.6216 root=C:\Users\kimhy\Desktop\StateID-App
[2025-08-16T01:11:51.0373971-04:00] No conflicting listener on 8787 (or it is our own pid=8028).
[2025-08-16T01:11:51.0390953-04:00] ENV WRITE_IDS=false PORT=8787
[2025-08-16T01:11:51.0677678-04:00] Node path=C:\Program Files\nodejs\node.exe version=v22.16.0
[2025-08-16T01:11:51.1922052-04:00] Starting background job 'StateID-Node'...
[2025-08-16T01:11:51.3022601-04:00] Job started: Id=3 State=Running
[2025-08-16T01:11:51.9301480-04:00] healthz ok on try=0
[2025-08-16T01:11:51.9694144-04:00] Server is healthy.
[2025-08-16T01:11:51.9714151-04:00] Exiting server-run.ps1 with code 0 (worker will idle).
[2025-08-16T01:11:54.0187761-04:00] ===== server-run start =====
[2025-08-16T01:11:54.0285020-04:00] PSVersion=5.1.19041.6216 root=C:\Users\kimhy\Desktop\StateID-App
[2025-08-16T01:11:54.5377759-04:00] No conflicting listener on 8787 (or it is our own pid=5260).
[2025-08-16T01:11:54.5404096-04:00] ENV WRITE_IDS=false PORT=8787
[2025-08-16T01:11:54.5680857-04:00] Node path=C:\Program Files\nodejs\node.exe version=v22.16.0
[2025-08-16T01:11:54.6985546-04:00] Starting background job 'StateID-Node'...
[2025-08-16T01:11:54.8112605-04:00] Job started: Id=3 State=Running
[2025-08-16T01:11:55.4263807-04:00] healthz ok on try=0
[2025-08-16T01:11:55.4273779-04:00] Server is healthy.
[2025-08-16T01:11:55.4283758-04:00] Exiting server-run.ps1 with code 0 (worker will idle).
[2025-08-16T01:11:57.5631316-04:00] ===== server-run start =====
[2025-08-16T01:11:57.5731243-04:00] PSVersion=5.1.19041.6216 root=C:\Users\kimhy\Desktop\StateID-App
[2025-08-16T01:11:58.0891895-04:00] No conflicting listener on 8787 (or it is our own pid=10436).
[2025-08-16T01:11:58.0911877-04:00] ENV WRITE_IDS=false PORT=8787
[2025-08-16T01:11:58.1207393-04:00] Node path=C:\Program Files\nodejs\node.exe version=v22.16.0
[2025-08-16T01:11:58.2488703-04:00] Starting background job 'StateID-Node'...
[2025-08-16T01:11:58.3606471-04:00] Job started: Id=3 State=Running
[2025-08-16T01:11:58.9433927-04:00] healthz ok on try=0
[2025-08-16T01:11:58.9443953-04:00] Server is healthy.
[2025-08-16T01:11:58.9453947-04:00] Exiting server-run.ps1 with code 0 (worker will idle).
[2025-08-16T01:12:01.0725128-04:00] ===== server-run start =====
[2025-08-16T01:12:01.0831940-04:00] PSVersion=5.1.19041.6216 root=C:\Users\kimhy\Desktop\StateID-App
[2025-08-16T01:12:01.6324972-04:00] No conflicting listener on 8787 (or it is our own pid=6612).
[2025-08-16T01:12:01.6344986-04:00] ENV WRITE_IDS=false PORT=8787
[2025-08-16T01:12:01.6629166-04:00] Node path=C:\Program Files\nodejs\node.exe version=v22.16.0
[2025-08-16T01:12:01.7938823-04:00] Starting background job 'StateID-Node'...
[2025-08-16T01:12:01.9150438-04:00] Job started: Id=3 State=Running
[2025-08-16T01:12:02.5341205-04:00] healthz ok on try=0
[2025-08-16T01:12:02.5361317-04:00] Server is healthy.
[2025-08-16T01:12:02.5371176-04:00] Exiting server-run.ps1 with code 0 (worker will idle).
[2025-08-16T01:12:04.8543623-04:00] ===== server-run start =====
[2025-08-16T01:12:04.8661057-04:00] PSVersion=5.1.19041.6216 root=C:\Users\kimhy\Desktop\StateID-App
[2025-08-16T01:12:05.3861817-04:00] No conflicting listener on 8787 (or it is our own pid=276).
[2025-08-16T01:12:05.3881810-04:00] ENV WRITE_IDS=false PORT=8787
[2025-08-16T01:12:05.4174450-04:00] Node path=C:\Program Files\nodejs\node.exe version=v22.16.0
[2025-08-16T01:12:05.5518957-04:00] Starting background job 'StateID-Node'...
[2025-08-16T01:12:05.7049308-04:00] Job started: Id=3 State=Running
[2025-08-16T01:12:06.3948667-04:00] healthz ok on try=0
[2025-08-16T01:12:06.3958695-04:00] Server is healthy.
[2025-08-16T01:12:06.3968868-04:00] Exiting server-run.ps1 with code 0 (worker will idle).
[2025-08-16T01:12:08.7382624-04:00] ===== server-run start =====
[2025-08-16T01:12:08.7492038-04:00] PSVersion=5.1.19041.6216 root=C:\Users\kimhy\Desktop\StateID-App
[2025-08-16T01:12:09.2933076-04:00] No conflicting listener on 8787 (or it is our own pid=12820).
[2025-08-16T01:12:09.2962109-04:00] ENV WRITE_IDS=false PORT=8787
[2025-08-16T01:12:09.3262124-04:00] Node path=C:\Program Files\nodejs\node.exe version=v22.16.0
[2025-08-16T01:12:09.4618312-04:00] Starting background job 'StateID-Node'...
[2025-08-16T01:12:09.5751824-04:00] Job started: Id=3 State=Running
[2025-08-16T01:12:10.1675551-04:00] healthz ok on try=0
[2025-08-16T01:12:10.1685553-04:00] Server is healthy.
[2025-08-16T01:12:10.1705548-04:00] Exiting server-run.ps1 with code 0 (worker will idle).
[2025-08-16T01:12:12.3420378-04:00] ===== server-run start =====
[2025-08-16T01:12:12.3542507-04:00] PSVersion=5.1.19041.6216 root=C:\Users\kimhy\Desktop\StateID-App
[2025-08-16T01:12:12.9681900-04:00] No conflicting listener on 8787 (or it is our own pid=7756).
[2025-08-16T01:12:12.9712652-04:00] ENV WRITE_IDS=false PORT=8787
[2025-08-16T01:12:13.0011834-04:00] Node path=C:\Program Files\nodejs\node.exe version=v22.16.0
[2025-08-16T01:12:13.1386520-04:00] Starting background job 'StateID-Node'...
[2025-08-16T01:12:13.2543409-04:00] Job started: Id=3 State=Running
[2025-08-16T01:12:13.8307927-04:00] healthz ok on try=0
[2025-08-16T01:12:13.8687763-04:00] Server is healthy.
[2025-08-16T01:12:13.8700416-04:00] Exiting server-run.ps1 with code 0 (worker will idle).
[2025-08-16T01:12:15.8980673-04:00] ===== server-run start =====
[2025-08-16T01:12:15.9091411-04:00] PSVersion=5.1.19041.6216 root=C:\Users\kimhy\Desktop\StateID-App
[2025-08-16T01:12:16.4913227-04:00] No conflicting listener on 8787 (or it is our own pid=4576).
[2025-08-16T01:12:16.4933226-04:00] ENV WRITE_IDS=false PORT=8787
[2025-08-16T01:12:16.5243945-04:00] Node path=C:\Program Files\nodejs\node.exe version=v22.16.0
[2025-08-16T01:12:16.6769970-04:00] Starting background job 'StateID-Node'...
[2025-08-16T01:12:16.7936933-04:00] Job started: Id=3 State=Running
[2025-08-16T01:12:17.4076742-04:00] healthz ok on try=0
[2025-08-16T01:12:17.4096731-04:00] Server is healthy.
[2025-08-16T01:12:17.4096731-04:00] Exiting server-run.ps1 with code 0 (worker will idle).
[2025-08-16T01:12:19.4267527-04:00] ===== server-run start =====
[2025-08-16T01:12:19.4367526-04:00] PSVersion=5.1.19041.6216 root=C:\Users\kimhy\Desktop\StateID-App
[2025-08-16T01:12:20.0277360-04:00] No conflicting listener on 8787 (or it is our own pid=12872).
[2025-08-16T01:12:20.0297340-04:00] ENV WRITE_IDS=false PORT=8787
[2025-08-16T01:12:20.0625577-04:00] Node path=C:\Program Files\nodejs\node.exe version=v22.16.0
[2025-08-16T01:12:20.2166266-04:00] Starting background job 'StateID-Node'...
[2025-08-16T01:12:20.3390227-04:00] Job started: Id=3 State=Running
[2025-08-16T01:12:20.9347623-04:00] healthz ok on try=0
[2025-08-16T01:12:20.9770978-04:00] Server is healthy.
[2025-08-16T01:12:20.9791016-04:00] Exiting server-run.ps1 with code 0 (worker will idle).
[2025-08-16T01:12:23.2540926-04:00] ===== server-run start =====
[2025-08-16T01:12:23.2670907-04:00] PSVersion=5.1.19041.6216 root=C:\Users\kimhy\Desktop\StateID-App
[2025-08-16T01:12:24.0123389-04:00] No conflicting listener on 8787 (or it is our own pid=3148).
[2025-08-16T01:12:24.0153385-04:00] ENV WRITE_IDS=false PORT=8787
[2025-08-16T01:12:24.0455882-04:00] Node path=C:\Program Files\nodejs\node.exe version=v22.16.0
[2025-08-16T01:12:24.1839464-04:00] Starting background job 'StateID-Node'...
[2025-08-16T01:12:24.2987691-04:00] Job started: Id=3 State=Running
[2025-08-16T01:12:24.9218163-04:00] healthz ok on try=0
[2025-08-16T01:12:24.9228174-04:00] Server is healthy.
[2025-08-16T01:12:24.9238172-04:00] Exiting server-run.ps1 with code 0 (worker will idle).
[2025-08-16T01:12:26.9457604-04:00] ===== server-run start =====
[2025-08-16T01:12:26.9559069-04:00] PSVersion=5.1.19041.6216 root=C:\Users\kimhy\Desktop\StateID-App
[2025-08-16T01:12:27.5011965-04:00] No conflicting listener on 8787 (or it is our own pid=10688).
[2025-08-16T01:12:27.5031944-04:00] ENV WRITE_IDS=false PORT=8787
[2025-08-16T01:12:27.6224123-04:00] Node path=C:\Program Files\nodejs\node.exe version=v22.16.0
[2025-08-16T01:12:27.7750885-04:00] Starting background job 'StateID-Node'...
[2025-08-16T01:12:27.9128418-04:00] Job started: Id=3 State=Running
[2025-08-16T01:12:28.5313072-04:00] healthz ok on try=0
[2025-08-16T01:12:28.5331891-04:00] Server is healthy.
[2025-08-16T01:12:28.5341665-04:00] Exiting server-run.ps1 with code 0 (worker will idle).
[2025-08-16T01:12:30.6216388-04:00] ===== server-run start =====
[2025-08-16T01:12:30.6333253-04:00] PSVersion=5.1.19041.6216 root=C:\Users\kimhy\Desktop\StateID-App
[2025-08-16T01:12:31.2690445-04:00] No conflicting listener on 8787 (or it is our own pid=7500).
[2025-08-16T01:12:31.2710431-04:00] ENV WRITE_IDS=false PORT=8787
[2025-08-16T01:12:31.3028080-04:00] Node path=C:\Program Files\nodejs\node.exe version=v22.16.0
[2025-08-16T01:12:31.4525051-04:00] Starting background job 'StateID-Node'...
[2025-08-16T01:12:31.5798143-04:00] Job started: Id=3 State=Running
[2025-08-16T01:12:32.1610238-04:00] healthz ok on try=0
[2025-08-16T01:12:32.1629842-04:00] Server is healthy.
[2025-08-16T01:12:32.1639836-04:00] Exiting server-run.ps1 with code 0 (worker will idle).
[2025-08-16T01:12:34.2947342-04:00] ===== server-run start =====
[2025-08-16T01:12:34.3048498-04:00] PSVersion=5.1.19041.6216 root=C:\Users\kimhy\Desktop\StateID-App
[2025-08-16T01:12:34.8917789-04:00] No conflicting listener on 8787 (or it is our own pid=1856).
[2025-08-16T01:12:34.8947778-04:00] ENV WRITE_IDS=false PORT=8787
[2025-08-16T01:12:34.9270193-04:00] Node path=C:\Program Files\nodejs\node.exe version=v22.16.0
[2025-08-16T01:12:35.0686403-04:00] Starting background job 'StateID-Node'...
[2025-08-16T01:12:35.1850711-04:00] Job started: Id=3 State=Running
[2025-08-16T01:12:35.8018445-04:00] healthz ok on try=0
[2025-08-16T01:12:35.8028673-04:00] Server is healthy.
[2025-08-16T01:12:35.8039086-04:00] Exiting server-run.ps1 with code 0 (worker will idle).
[2025-08-16T01:12:37.8324565-04:00] ===== server-run start =====
[2025-08-16T01:12:37.8431628-04:00] PSVersion=5.1.19041.6216 root=C:\Users\kimhy\Desktop\StateID-App
[2025-08-16T01:12:38.4184971-04:00] No conflicting listener on 8787 (or it is our own pid=6116).
[2025-08-16T01:12:38.4209358-04:00] ENV WRITE_IDS=false PORT=8787
[2025-08-16T01:12:38.4532738-04:00] Node path=C:\Program Files\nodejs\node.exe version=v22.16.0
[2025-08-16T01:12:38.5829156-04:00] Starting background job 'StateID-Node'...
[2025-08-16T01:12:38.6986809-04:00] Job started: Id=3 State=Running
[2025-08-16T01:12:39.3147968-04:00] healthz ok on try=0
[2025-08-16T01:12:39.3157973-04:00] Server is healthy.
[2025-08-16T01:12:39.3177957-04:00] Exiting server-run.ps1 with code 0 (worker will idle).
[2025-08-16T01:12:41.3514901-04:00] ===== server-run start =====
[2025-08-16T01:12:41.3631958-04:00] PSVersion=5.1.19041.6216 root=C:\Users\kimhy\Desktop\StateID-App
[2025-08-16T01:12:41.9565916-04:00] No conflicting listener on 8787 (or it is our own pid=11052).
[2025-08-16T01:12:41.9595918-04:00] ENV WRITE_IDS=false PORT=8787
[2025-08-16T01:12:41.9909564-04:00] Node path=C:\Program Files\nodejs\node.exe version=v22.16.0
[2025-08-16T01:12:42.1263885-04:00] Starting background job 'StateID-Node'...
[2025-08-16T01:12:42.2410783-04:00] Job started: Id=3 State=Running
[2025-08-16T01:12:42.8181898-04:00] healthz ok on try=0
[2025-08-16T01:12:42.8612306-04:00] Server is healthy.
[2025-08-16T01:12:42.8622332-04:00] Exiting server-run.ps1 with code 0 (worker will idle).
[2025-08-16T01:12:44.8381869-04:00] ===== server-run start =====
[2025-08-16T01:12:44.8488080-04:00] PSVersion=5.1.19041.6216 root=C:\Users\kimhy\Desktop\StateID-App
[2025-08-16T01:12:45.6563839-04:00] No conflicting listener on 8787 (or it is our own pid=7940).
[2025-08-16T01:12:45.6590919-04:00] ENV WRITE_IDS=false PORT=8787
[2025-08-16T01:12:45.7024687-04:00] Node path=C:\Program Files\nodejs\node.exe version=v22.16.0
[2025-08-16T01:12:45.8832459-04:00] Starting background job 'StateID-Node'...
[2025-08-16T01:12:45.9955853-04:00] Job started: Id=3 State=Running
[2025-08-16T01:12:46.5791748-04:00] healthz ok on try=0
[2025-08-16T01:12:46.6201008-04:00] Server is healthy.
[2025-08-16T01:12:46.6211488-04:00] Exiting server-run.ps1 with code 0 (worker will idle).
[2025-08-16T01:12:48.7757275-04:00] ===== server-run start =====
[2025-08-16T01:12:48.7883846-04:00] PSVersion=5.1.19041.6216 root=C:\Users\kimhy\Desktop\StateID-App
[2025-08-16T01:12:49.3562236-04:00] No conflicting listener on 8787 (or it is our own pid=12136).
[2025-08-16T01:12:49.3582223-04:00] ENV WRITE_IDS=false PORT=8787
[2025-08-16T01:12:49.3895556-04:00] Node path=C:\Program Files\nodejs\node.exe version=v22.16.0
[2025-08-16T01:12:49.5337420-04:00] Starting background job 'StateID-Node'...
[2025-08-16T01:12:49.6681509-04:00] Job started: Id=3 State=Running
[2025-08-16T01:12:50.2994920-04:00] healthz ok on try=0
[2025-08-16T01:12:50.3010714-04:00] Server is healthy.
[2025-08-16T01:12:50.3010714-04:00] Exiting server-run.ps1 with code 0 (worker will idle).
[2025-08-16T01:12:52.4104371-04:00] ===== server-run start =====
[2025-08-16T01:12:52.4260679-04:00] PSVersion=5.1.19041.6216 root=C:\Users\kimhy\Desktop\StateID-App
[2025-08-16T01:12:52.9830345-04:00] No conflicting listener on 8787 (or it is our own pid=3800).
[2025-08-16T01:12:52.9830345-04:00] ENV WRITE_IDS=false PORT=8787
[2025-08-16T01:12:53.0252672-04:00] Node path=C:\Program Files\nodejs\node.exe version=v22.16.0
[2025-08-16T01:12:53.1651421-04:00] Starting background job 'StateID-Node'...
[2025-08-16T01:12:53.2848720-04:00] Job started: Id=3 State=Running
[2025-08-16T01:12:53.9125746-04:00] healthz ok on try=0
[2025-08-16T01:12:53.9125746-04:00] Server is healthy.
[2025-08-16T01:12:53.9125746-04:00] Exiting server-run.ps1 with code 0 (worker will idle).
[2025-08-16T01:12:55.9355641-04:00] ===== server-run start =====
[2025-08-16T01:12:55.9355641-04:00] PSVersion=5.1.19041.6216 root=C:\Users\kimhy\Desktop\StateID-App
[2025-08-16T01:12:56.4787355-04:00] No conflicting listener on 8787 (or it is our own pid=8736).
[2025-08-16T01:12:56.4787355-04:00] ENV WRITE_IDS=false PORT=8787
[2025-08-16T01:12:56.4943584-04:00] Node path=C:\Program Files\nodejs\node.exe version=v22.16.0
[2025-08-16T01:12:56.6349839-04:00] Starting background job 'StateID-Node'...
[2025-08-16T01:12:56.7306880-04:00] Job started: Id=3 State=Running
[2025-08-16T01:12:57.3110300-04:00] healthz ok on try=0
[2025-08-16T01:12:57.3110300-04:00] Server is healthy.
[2025-08-16T01:12:57.3579055-04:00] Exiting server-run.ps1 with code 0 (worker will idle).
[2025-08-16T01:12:59.3325903-04:00] ===== server-run start =====
[2025-08-16T01:12:59.3443451-04:00] PSVersion=5.1.19041.6216 root=C:\Users\kimhy\Desktop\StateID-App
[2025-08-16T01:12:59.8373783-04:00] No conflicting listener on 8787 (or it is our own pid=7824).
[2025-08-16T01:12:59.8373783-04:00] ENV WRITE_IDS=false PORT=8787
[2025-08-16T01:12:59.8686280-04:00] Node path=C:\Program Files\nodejs\node.exe version=v22.16.0
[2025-08-16T01:13:00.0214148-04:00] Starting background job 'StateID-Node'...
[2025-08-16T01:13:00.1328228-04:00] Job started: Id=3 State=Running
[2025-08-16T01:13:00.7459995-04:00] healthz ok on try=0
[2025-08-16T01:13:00.7459995-04:00] Server is healthy.
[2025-08-16T01:13:00.7459995-04:00] Exiting server-run.ps1 with code 0 (worker will idle).
[2025-08-16T01:13:02.6211039-04:00] ===== server-run start =====
[2025-08-16T01:13:02.6211039-04:00] PSVersion=5.1.19041.6216 root=C:\Users\kimhy\Desktop\StateID-App
[2025-08-16T01:13:03.1059111-04:00] No conflicting listener on 8787 (or it is our own pid=12032).
[2025-08-16T01:13:03.1059111-04:00] ENV WRITE_IDS=false PORT=8787
[2025-08-16T01:13:03.1371630-04:00] Node path=C:\Program Files\nodejs\node.exe version=v22.16.0
[2025-08-16T01:13:03.2621354-04:00] Starting background job 'StateID-Node'...
[2025-08-16T01:13:03.3558841-04:00] Job started: Id=3 State=Running
[2025-08-16T01:13:03.9562560-04:00] healthz ok on try=0
[2025-08-16T01:13:04.0004027-04:00] Server is healthy.
[2025-08-16T01:13:04.0014262-04:00] Exiting server-run.ps1 with code 0 (worker will idle).
[2025-08-16T01:13:06.1066905-04:00] ===== server-run start =====
[2025-08-16T01:13:06.1182644-04:00] PSVersion=5.1.19041.6216 root=C:\Users\kimhy\Desktop\StateID-App
[2025-08-16T01:13:06.6494929-04:00] No conflicting listener on 8787 (or it is our own pid=8948).
[2025-08-16T01:13:06.6524890-04:00] ENV WRITE_IDS=false PORT=8787
[2025-08-16T01:13:06.6833871-04:00] Node path=C:\Program Files\nodejs\node.exe version=v22.16.0
[2025-08-16T01:13:06.8242957-04:00] Starting background job 'StateID-Node'...
[2025-08-16T01:13:06.9412063-04:00] Job started: Id=3 State=Running
[2025-08-16T01:13:07.5728572-04:00] healthz ok on try=0
[2025-08-16T01:13:07.5744671-04:00] Server is healthy.
[2025-08-16T01:13:07.5761643-04:00] Exiting server-run.ps1 with code 0 (worker will idle).
[2025-08-16T01:13:09.4437956-04:00] ===== server-run start =====
[2025-08-16T01:13:09.4585915-04:00] PSVersion=5.1.19041.6216 root=C:\Users\kimhy\Desktop\StateID-App
[2025-08-16T01:13:09.9758720-04:00] No conflicting listener on 8787 (or it is our own pid=4164).
[2025-08-16T01:13:09.9789061-04:00] ENV WRITE_IDS=false PORT=8787
[2025-08-16T01:13:10.0078393-04:00] Node path=C:\Program Files\nodejs\node.exe version=v22.16.0
[2025-08-16T01:13:10.1335215-04:00] Starting background job 'StateID-Node'...
[2025-08-16T01:13:10.2532230-04:00] Job started: Id=3 State=Running
[2025-08-16T01:13:10.8804075-04:00] healthz ok on try=0
[2025-08-16T01:13:10.8818494-04:00] Server is healthy.
[2025-08-16T01:13:10.8830015-04:00] Exiting server-run.ps1 with code 0 (worker will idle).
[2025-08-16T01:13:12.6977212-04:00] ===== server-run start =====
[2025-08-16T01:13:12.7103049-04:00] PSVersion=5.1.19041.6216 root=C:\Users\kimhy\Desktop\StateID-App
[2025-08-16T01:13:13.2374959-04:00] No conflicting listener on 8787 (or it is our own pid=12600).
[2025-08-16T01:13:13.2394706-04:00] ENV WRITE_IDS=false PORT=8787
[2025-08-16T01:13:13.2704414-04:00] Node path=C:\Program Files\nodejs\node.exe version=v22.16.0
[2025-08-16T01:13:13.4186314-04:00] Starting background job 'StateID-Node'...
[2025-08-16T01:13:13.5328080-04:00] Job started: Id=3 State=Running
[2025-08-16T01:13:14.3222167-04:00] healthz ok on try=0
[2025-08-16T01:13:14.3606608-04:00] Server is healthy.
[2025-08-16T01:13:14.3624712-04:00] Exiting server-run.ps1 with code 0 (worker will idle).
[2025-08-16T01:13:16.3286520-04:00] ===== server-run start =====
[2025-08-16T01:13:16.3318361-04:00] PSVersion=5.1.19041.6216 root=C:\Users\kimhy\Desktop\StateID-App
[2025-08-16T01:13:16.9072246-04:00] No conflicting listener on 8787 (or it is our own pid=9976).
[2025-08-16T01:13:16.9092049-04:00] ENV WRITE_IDS=false PORT=8787
[2025-08-16T01:13:16.9394185-04:00] Node path=C:\Program Files\nodejs\node.exe version=v22.16.0
[2025-08-16T01:13:17.0772956-04:00] Starting background job 'StateID-Node'...
[2025-08-16T01:13:17.1922712-04:00] Job started: Id=3 State=Running
[2025-08-16T01:13:17.7786150-04:00] healthz ok on try=0
[2025-08-16T01:13:17.8098833-04:00] Server is healthy.
[2025-08-16T01:13:17.8098833-04:00] Exiting server-run.ps1 with code 0 (worker will idle).
[2025-08-16T01:13:19.8192387-04:00] ===== server-run start =====
[2025-08-16T01:13:19.8321340-04:00] PSVersion=5.1.19041.6216 root=C:\Users\kimhy\Desktop\StateID-App
[2025-08-16T01:13:20.3837316-04:00] No conflicting listener on 8787 (or it is our own pid=4080).
[2025-08-16T01:13:20.3868630-04:00] ENV WRITE_IDS=false PORT=8787
[2025-08-16T01:13:20.4183736-04:00] Node path=C:\Program Files\nodejs\node.exe version=v22.16.0
[2025-08-16T01:13:20.5459684-04:00] Starting background job 'StateID-Node'...
[2025-08-16T01:13:20.9093136-04:00] Job started: Id=3 State=Running
[2025-08-16T01:13:21.4871799-04:00] healthz ok on try=0
[2025-08-16T01:13:21.4884893-04:00] Server is healthy.
[2025-08-16T01:13:21.5284933-04:00] Exiting server-run.ps1 with code 0 (worker will idle).
[2025-08-16T01:13:23.3986467-04:00] ===== server-run start =====
[2025-08-16T01:13:23.3986467-04:00] PSVersion=5.1.19041.6216 root=C:\Users\kimhy\Desktop\StateID-App
[2025-08-16T01:13:23.9742011-04:00] No conflicting listener on 8787 (or it is our own pid=5484).
[2025-08-16T01:13:23.9771617-04:00] ENV WRITE_IDS=false PORT=8787
[2025-08-16T01:13:24.0070990-04:00] Node path=C:\Program Files\nodejs\node.exe version=v22.16.0
[2025-08-16T01:13:24.1399949-04:00] Starting background job 'StateID-Node'...
[2025-08-16T01:13:24.2559728-04:00] Job started: Id=3 State=Running
[2025-08-16T01:13:24.8554489-04:00] healthz ok on try=0
[2025-08-16T01:13:24.8554489-04:00] Server is healthy.
[2025-08-16T01:13:24.8554489-04:00] Exiting server-run.ps1 with code 0 (worker will idle).
[2025-08-16T01:13:26.6187590-04:00] ===== server-run start =====
[2025-08-16T01:13:26.6343630-04:00] PSVersion=5.1.19041.6216 root=C:\Users\kimhy\Desktop\StateID-App
[2025-08-16T01:13:27.2422573-04:00] No conflicting listener on 8787 (or it is our own pid=10120).
[2025-08-16T01:13:27.2447617-04:00] ENV WRITE_IDS=false PORT=8787
[2025-08-16T01:13:27.2772245-04:00] Node path=C:\Program Files\nodejs\node.exe version=v22.16.0
[2025-08-16T01:13:27.4155563-04:00] Starting background job 'StateID-Node'...
[2025-08-16T01:13:27.5151363-04:00] Job started: Id=3 State=Running
[2025-08-16T01:13:28.1188384-04:00] healthz ok on try=0
[2025-08-16T01:13:28.1188384-04:00] Server is healthy.
[2025-08-16T01:13:28.1188384-04:00] Exiting server-run.ps1 with code 0 (worker will idle).
[2025-08-16T01:13:29.9526379-04:00] ===== server-run start =====
[2025-08-16T01:13:29.9631955-04:00] PSVersion=5.1.19041.6216 root=C:\Users\kimhy\Desktop\StateID-App
[2025-08-16T01:13:30.5294443-04:00] No conflicting listener on 8787 (or it is our own pid=11048).
[2025-08-16T01:13:30.5322833-04:00] ENV WRITE_IDS=false PORT=8787
[2025-08-16T01:13:30.5642693-04:00] Node path=C:\Program Files\nodejs\node.exe version=v22.16.0
[2025-08-16T01:13:30.7012972-04:00] Starting background job 'StateID-Node'...
[2025-08-16T01:13:30.8048904-04:00] Job started: Id=3 State=Running
[2025-08-16T01:13:31.3889137-04:00] healthz ok on try=0
[2025-08-16T01:13:31.4295030-04:00] Server is healthy.
[2025-08-16T01:13:31.4305007-04:00] Exiting server-run.ps1 with code 0 (worker will idle).
[2025-08-16T01:13:33.3764267-04:00] ===== server-run start =====
[2025-08-16T01:13:33.3764267-04:00] PSVersion=5.1.19041.6216 root=C:\Users\kimhy\Desktop\StateID-App
[2025-08-16T01:13:33.8935313-04:00] No conflicting listener on 8787 (or it is our own pid=1652).
[2025-08-16T01:13:33.9091556-04:00] ENV WRITE_IDS=false PORT=8787
[2025-08-16T01:13:33.9247840-04:00] Node path=C:\Program Files\nodejs\node.exe version=v22.16.0
[2025-08-16T01:13:34.0732183-04:00] Starting background job 'StateID-Node'...
[2025-08-16T01:13:34.1867656-04:00] Job started: Id=3 State=Running
[2025-08-16T01:13:34.7733441-04:00] healthz ok on try=0
[2025-08-16T01:13:34.7733441-04:00] Server is healthy.
[2025-08-16T01:13:34.8105674-04:00] Exiting server-run.ps1 with code 0 (worker will idle).
[2025-08-16T01:13:36.6340472-04:00] ===== server-run start =====
[2025-08-16T01:13:36.6340472-04:00] PSVersion=5.1.19041.6216 root=C:\Users\kimhy\Desktop\StateID-App
[2025-08-16T01:13:37.1385330-04:00] No conflicting listener on 8787 (or it is our own pid=1636).
[2025-08-16T01:13:37.1385330-04:00] ENV WRITE_IDS=false PORT=8787
[2025-08-16T01:13:37.1541567-04:00] Node path=C:\Program Files\nodejs\node.exe version=v22.16.0
[2025-08-16T01:13:37.2791558-04:00] Starting background job 'StateID-Node'...
[2025-08-16T01:13:37.3885335-04:00] Job started: Id=3 State=Running
[2025-08-16T01:13:37.9533404-04:00] healthz ok on try=0
[2025-08-16T01:13:37.9887441-04:00] Server is healthy.
[2025-08-16T01:13:37.9897641-04:00] Exiting server-run.ps1 with code 0 (worker will idle).
[2025-08-16T01:13:39.9563264-04:00] ===== server-run start =====
[2025-08-16T01:13:39.9732405-04:00] PSVersion=5.1.19041.6216 root=C:\Users\kimhy\Desktop\StateID-App
[2025-08-16T01:13:40.4749440-04:00] No conflicting listener on 8787 (or it is our own pid=9316).
[2025-08-16T01:13:40.4749440-04:00] ENV WRITE_IDS=false PORT=8787
[2025-08-16T01:13:40.4905670-04:00] Node path=C:\Program Files\nodejs\node.exe version=v22.16.0
[2025-08-16T01:13:40.6155689-04:00] Starting background job 'StateID-Node'...
[2025-08-16T01:13:40.7249436-04:00] Job started: Id=3 State=Running
[2025-08-16T01:13:41.3343560-04:00] healthz ok on try=0
[2025-08-16T01:13:41.3343560-04:00] Server is healthy.
[2025-08-16T01:13:41.3343560-04:00] Exiting server-run.ps1 with code 0 (worker will idle).
[2025-08-16T01:13:43.3467353-04:00] ===== server-run start =====
[2025-08-16T01:13:43.3623872-04:00] PSVersion=5.1.19041.6216 root=C:\Users\kimhy\Desktop\StateID-App
[2025-08-16T01:13:43.9458973-04:00] No conflicting listener on 8787 (or it is our own pid=12648).
[2025-08-16T01:13:43.9458973-04:00] ENV WRITE_IDS=false PORT=8787
[2025-08-16T01:13:43.9886964-04:00] Node path=C:\Program Files\nodejs\node.exe version=v22.16.0
[2025-08-16T01:13:44.1138295-04:00] Starting background job 'StateID-Node'...
[2025-08-16T01:13:44.2388347-04:00] Job started: Id=3 State=Running
[2025-08-16T01:13:44.8370175-04:00] healthz ok on try=0
[2025-08-16T01:13:44.8370175-04:00] Server is healthy.
[2025-08-16T01:13:44.8370175-04:00] Exiting server-run.ps1 with code 0 (worker will idle).
[2025-08-16T01:13:46.8861477-04:00] ===== server-run start =====
[2025-08-16T01:13:46.9017723-04:00] PSVersion=5.1.19041.6216 root=C:\Users\kimhy\Desktop\StateID-App
[2025-08-16T01:13:47.4173740-04:00] No conflicting listener on 8787 (or it is our own pid=3724).
[2025-08-16T01:13:47.4173740-04:00] ENV WRITE_IDS=false PORT=8787
[2025-08-16T01:13:47.4486256-04:00] Node path=C:\Program Files\nodejs\node.exe version=v22.16.0
[2025-08-16T01:13:47.5736248-04:00] Starting background job 'StateID-Node'...
[2025-08-16T01:13:47.6830007-04:00] Job started: Id=3 State=Running
[2025-08-16T01:13:48.3141549-04:00] healthz ok on try=0
[2025-08-16T01:13:48.3151566-04:00] Server is healthy.
[2025-08-16T01:13:48.3161548-04:00] Exiting server-run.ps1 with code 0 (worker will idle).
[2025-08-16T01:13:50.2346588-04:00] ===== server-run start =====
[2025-08-16T01:13:50.2346588-04:00] PSVersion=5.1.19041.6216 root=C:\Users\kimhy\Desktop\StateID-App
[2025-08-16T01:13:50.8951990-04:00] No conflicting listener on 8787 (or it is our own pid=9700).
[2025-08-16T01:13:50.8971970-04:00] ENV WRITE_IDS=false PORT=8787
[2025-08-16T01:13:50.9272247-04:00] Node path=C:\Program Files\nodejs\node.exe version=v22.16.0
[2025-08-16T01:13:51.0623116-04:00] Starting background job 'StateID-Node'...
[2025-08-16T01:13:51.1696543-04:00] Job started: Id=3 State=Running
[2025-08-16T01:13:51.7966120-04:00] healthz ok on try=0
[2025-08-16T01:13:51.8122386-04:00] Server is healthy.
[2025-08-16T01:13:51.8122386-04:00] Exiting server-run.ps1 with code 0 (worker will idle).
[2025-08-16T01:13:53.8061364-04:00] ===== server-run start =====
[2025-08-16T01:13:53.8217608-04:00] PSVersion=5.1.19041.6216 root=C:\Users\kimhy\Desktop\StateID-App
[2025-08-16T01:13:54.3651647-04:00] No conflicting listener on 8787 (or it is our own pid=5680).
[2025-08-16T01:13:54.3671652-04:00] ENV WRITE_IDS=false PORT=8787
[2025-08-16T01:13:54.4022977-04:00] Node path=C:\Program Files\nodejs\node.exe version=v22.16.0
[2025-08-16T01:13:54.5302168-04:00] Starting background job 'StateID-Node'...
[2025-08-16T01:13:54.6395921-04:00] Job started: Id=3 State=Running
[2025-08-16T01:13:55.2489962-04:00] healthz ok on try=0
[2025-08-16T01:13:55.2489962-04:00] Server is healthy.
[2025-08-16T01:13:55.2489962-04:00] Exiting server-run.ps1 with code 0 (worker will idle).
[2025-08-16T01:13:57.3080895-04:00] ===== server-run start =====
[2025-08-16T01:13:57.3236844-04:00] PSVersion=5.1.19041.6216 root=C:\Users\kimhy\Desktop\StateID-App
[2025-08-16T01:13:57.9373096-04:00] No conflicting listener on 8787 (or it is our own pid=3540).
[2025-08-16T01:13:57.9398637-04:00] ENV WRITE_IDS=false PORT=8787
[2025-08-16T01:13:57.9565196-04:00] Node path=C:\Program Files\nodejs\node.exe version=v22.16.0
[2025-08-16T01:13:58.0877874-04:00] Starting background job 'StateID-Node'...
[2025-08-16T01:13:58.2024246-04:00] Job started: Id=3 State=Running
[2025-08-16T01:13:58.8081266-04:00] healthz ok on try=0
[2025-08-16T01:13:58.8091270-04:00] Server is healthy.
[2025-08-16T01:13:58.8101276-04:00] Exiting server-run.ps1 with code 0 (worker will idle).
[2025-08-16T01:14:00.7525336-04:00] ===== server-run start =====
[2025-08-16T01:14:00.7690866-04:00] PSVersion=5.1.19041.6216 root=C:\Users\kimhy\Desktop\StateID-App
[2025-08-16T01:14:01.5118051-04:00] No conflicting listener on 8787 (or it is our own pid=8336).
[2025-08-16T01:14:01.5118051-04:00] ENV WRITE_IDS=false PORT=8787
[2025-08-16T01:14:01.5430546-04:00] Node path=C:\Program Files\nodejs\node.exe version=v22.16.0
[2025-08-16T01:14:01.6766069-04:00] Starting background job 'StateID-Node'...
[2025-08-16T01:14:01.7719776-04:00] Job started: Id=3 State=Running
[2025-08-16T01:14:02.3562462-04:00] healthz ok on try=0
[2025-08-16T01:14:02.3582570-04:00] Server is healthy.
[2025-08-16T01:14:02.3918457-04:00] Exiting server-run.ps1 with code 0 (worker will idle).
[2025-08-16T01:14:04.2682413-04:00] ===== server-run start =====
[2025-08-16T01:14:04.2682413-04:00] PSVersion=5.1.19041.6216 root=C:\Users\kimhy\Desktop\StateID-App
[2025-08-16T01:14:04.7754386-04:00] No conflicting listener on 8787 (or it is our own pid=10592).
[2025-08-16T01:14:04.7754386-04:00] ENV WRITE_IDS=false PORT=8787
[2025-08-16T01:14:04.8066865-04:00] Node path=C:\Program Files\nodejs\node.exe version=v22.16.0
[2025-08-16T01:14:04.9317118-04:00] Starting background job 'StateID-Node'...
[2025-08-16T01:14:05.0977397-04:00] Job started: Id=3 State=Running
[2025-08-16T01:14:05.6773506-04:00] healthz ok on try=0
[2025-08-16T01:14:05.7154823-04:00] Server is healthy.
[2025-08-16T01:14:05.7154823-04:00] Exiting server-run.ps1 with code 0 (worker will idle).
[2025-08-16T01:14:07.7687342-04:00] ===== server-run start =====
[2025-08-16T01:14:07.7687342-04:00] PSVersion=5.1.19041.6216 root=C:\Users\kimhy\Desktop\StateID-App
[2025-08-16T01:14:08.2539167-04:00] No conflicting listener on 8787 (or it is our own pid=5940).
[2025-08-16T01:14:08.2539167-04:00] ENV WRITE_IDS=false PORT=8787
[2025-08-16T01:14:08.2933635-04:00] Node path=C:\Program Files\nodejs\node.exe version=v22.16.0
[2025-08-16T01:14:08.4188316-04:00] Starting background job 'StateID-Node'...
[2025-08-16T01:14:08.5083955-04:00] Job started: Id=3 State=Running
[2025-08-16T01:14:09.1346160-04:00] healthz ok on try=0
[2025-08-16T01:14:09.1502459-04:00] Server is healthy.
[2025-08-16T01:14:09.1502459-04:00] Exiting server-run.ps1 with code 0 (worker will idle).
[2025-08-16T01:14:11.1822050-04:00] ===== server-run start =====
[2025-08-16T01:14:11.1822050-04:00] PSVersion=5.1.19041.6216 root=C:\Users\kimhy\Desktop\StateID-App
[2025-08-16T01:14:11.7123407-04:00] No conflicting listener on 8787 (or it is our own pid=8684).
[2025-08-16T01:14:11.7166507-04:00] ENV WRITE_IDS=false PORT=8787
[2025-08-16T01:14:11.7455735-04:00] Node path=C:\Program Files\nodejs\node.exe version=v22.16.0
[2025-08-16T01:14:11.8649866-04:00] Starting background job 'StateID-Node'...
[2025-08-16T01:14:11.9837025-04:00] Job started: Id=3 State=Running
[2025-08-16T01:14:12.5662569-04:00] healthz ok on try=0
[2025-08-16T01:14:12.6287595-04:00] Server is healthy.
[2025-08-16T01:14:12.6287595-04:00] Exiting server-run.ps1 with code 0 (worker will idle).
[2025-08-16T01:14:14.6681847-04:00] ===== server-run start =====
[2025-08-16T01:14:14.6911608-04:00] PSVersion=5.1.19041.6216 root=C:\Users\kimhy\Desktop\StateID-App
[2025-08-16T01:14:15.2144895-04:00] No conflicting listener on 8787 (or it is our own pid=6968).
[2025-08-16T01:14:15.2165130-04:00] ENV WRITE_IDS=false PORT=8787
[2025-08-16T01:14:15.2462178-04:00] Node path=C:\Program Files\nodejs\node.exe version=v22.16.0
[2025-08-16T01:14:15.3902920-04:00] Starting background job 'StateID-Node'...
[2025-08-16T01:14:15.4968396-04:00] Job started: Id=3 State=Running
[2025-08-16T01:14:16.1198863-04:00] healthz ok on try=0
[2025-08-16T01:14:16.1218860-04:00] Server is healthy.
[2025-08-16T01:14:16.1228876-04:00] Exiting server-run.ps1 with code 0 (worker will idle).
[2025-08-16T01:14:18.2584263-04:00] ===== server-run start =====
[2025-08-16T01:14:18.2684251-04:00] PSVersion=5.1.19041.6216 root=C:\Users\kimhy\Desktop\StateID-App
[2025-08-16T01:14:18.7642757-04:00] No conflicting listener on 8787 (or it is our own pid=11072).
[2025-08-16T01:14:18.7642757-04:00] ENV WRITE_IDS=false PORT=8787
[2025-08-16T01:14:18.8089041-04:00] Node path=C:\Program Files\nodejs\node.exe version=v22.16.0
[2025-08-16T01:14:18.9370310-04:00] Starting background job 'StateID-Node'...
[2025-08-16T01:14:19.0540869-04:00] Job started: Id=3 State=Running
[2025-08-16T01:14:19.6361984-04:00] healthz ok on try=0
[2025-08-16T01:14:19.6361984-04:00] Server is healthy.
[2025-08-16T01:14:19.6361984-04:00] Exiting server-run.ps1 with code 0 (worker will idle).
[2025-08-16T01:14:21.7007784-04:00] ===== server-run start =====
[2025-08-16T01:14:21.7127568-04:00] PSVersion=5.1.19041.6216 root=C:\Users\kimhy\Desktop\StateID-App
[2025-08-16T01:14:22.2305018-04:00] No conflicting listener on 8787 (or it is our own pid=6016).
[2025-08-16T01:14:22.2321857-04:00] ENV WRITE_IDS=false PORT=8787
[2025-08-16T01:14:22.2630723-04:00] Node path=C:\Program Files\nodejs\node.exe version=v22.16.0
[2025-08-16T01:14:22.3909336-04:00] Starting background job 'StateID-Node'...
[2025-08-16T01:14:22.5028486-04:00] Job started: Id=3 State=Running
[2025-08-16T01:14:23.1037443-04:00] healthz ok on try=0
[2025-08-16T01:14:23.1037443-04:00] Server is healthy.
[2025-08-16T01:14:23.1037443-04:00] Exiting server-run.ps1 with code 0 (worker will idle).
[2025-08-16T01:14:25.4112612-04:00] ===== server-run start =====
[2025-08-16T01:14:25.4248575-04:00] PSVersion=5.1.19041.6216 root=C:\Users\kimhy\Desktop\StateID-App
[2025-08-16T01:14:25.9131679-04:00] No conflicting listener on 8787 (or it is our own pid=2756).
[2025-08-16T01:14:25.9131679-04:00] ENV WRITE_IDS=false PORT=8787
[2025-08-16T01:14:25.9444178-04:00] Node path=C:\Program Files\nodejs\node.exe version=v22.16.0
[2025-08-16T01:14:26.0753753-04:00] Starting background job 'StateID-Node'...
[2025-08-16T01:14:26.1899305-04:00] Job started: Id=3 State=Running
[2025-08-16T01:14:26.7528614-04:00] healthz ok on try=0
[2025-08-16T01:14:26.7841168-04:00] Server is healthy.
[2025-08-16T01:14:26.7841168-04:00] Exiting server-run.ps1 with code 0 (worker will idle).
[2025-08-16T01:14:28.6723725-04:00] ===== server-run start =====
[2025-08-16T01:14:28.6840666-04:00] PSVersion=5.1.19041.6216 root=C:\Users\kimhy\Desktop\StateID-App
[2025-08-16T01:14:29.1944597-04:00] No conflicting listener on 8787 (or it is our own pid=11216).
[2025-08-16T01:14:29.1964485-04:00] ENV WRITE_IDS=false PORT=8787
[2025-08-16T01:14:29.2263100-04:00] Node path=C:\Program Files\nodejs\node.exe version=v22.16.0
[2025-08-16T01:14:29.3553688-04:00] Starting background job 'StateID-Node'...
[2025-08-16T01:14:29.4598382-04:00] Job started: Id=3 State=Running
[2025-08-16T01:14:30.0233838-04:00] healthz ok on try=0
[2025-08-16T01:14:30.0253605-04:00] Server is healthy.
[2025-08-16T01:14:30.0263609-04:00] Exiting server-run.ps1 with code 0 (worker will idle).
[2025-08-16T01:14:32.1041357-04:00] ===== server-run start =====
[2025-08-16T01:14:32.1157365-04:00] PSVersion=5.1.19041.6216 root=C:\Users\kimhy\Desktop\StateID-App
[2025-08-16T01:14:32.6026424-04:00] No conflicting listener on 8787 (or it is our own pid=12844).
[2025-08-16T01:14:32.6105906-04:00] ENV WRITE_IDS=false PORT=8787
[2025-08-16T01:14:32.6428196-04:00] Node path=C:\Program Files\nodejs\node.exe version=v22.16.0
[2025-08-16T01:14:32.7674329-04:00] Starting background job 'StateID-Node'...
[2025-08-16T01:14:32.8608624-04:00] Job started: Id=3 State=Running
[2025-08-16T01:14:33.4302252-04:00] healthz ok on try=0
[2025-08-16T01:14:33.4302252-04:00] Server is healthy.
[2025-08-16T01:14:33.4927277-04:00] Exiting server-run.ps1 with code 0 (worker will idle).
[2025-08-16T01:14:35.7044864-04:00] ===== server-run start =====
[2025-08-16T01:14:35.7152004-04:00] PSVersion=5.1.19041.6216 root=C:\Users\kimhy\Desktop\StateID-App
[2025-08-16T01:14:36.4196669-04:00] No conflicting listener on 8787 (or it is our own pid=3496).
[2025-08-16T01:14:36.4216897-04:00] ENV WRITE_IDS=false PORT=8787
[2025-08-16T01:14:36.4500235-04:00] Node path=C:\Program Files\nodejs\node.exe version=v22.16.0
[2025-08-16T01:14:36.5875610-04:00] Starting background job 'StateID-Node'...
[2025-08-16T01:14:36.7101458-04:00] Job started: Id=3 State=Running
[2025-08-16T01:14:37.3429455-04:00] healthz ok on try=0
[2025-08-16T01:14:37.3439457-04:00] Server is healthy.
[2025-08-16T01:14:37.3449447-04:00] Exiting server-run.ps1 with code 0 (worker will idle).
[2025-08-16T01:14:39.6449140-04:00] ===== server-run start =====
[2025-08-16T01:14:39.6561597-04:00] PSVersion=5.1.19041.6216 root=C:\Users\kimhy\Desktop\StateID-App
[2025-08-16T01:14:40.1848623-04:00] No conflicting listener on 8787 (or it is our own pid=11304).
[2025-08-16T01:14:40.1868858-04:00] ENV WRITE_IDS=false PORT=8787
[2025-08-16T01:14:40.2160391-04:00] Node path=C:\Program Files\nodejs\node.exe version=v22.16.0
[2025-08-16T01:14:40.3692923-04:00] Starting background job 'StateID-Node'...
[2025-08-16T01:14:40.5092059-04:00] Job started: Id=3 State=Running
[2025-08-16T01:14:41.1375296-04:00] healthz ok on try=0
[2025-08-16T01:14:41.1392821-04:00] Server is healthy.
[2025-08-16T01:14:41.1402877-04:00] Exiting server-run.ps1 with code 0 (worker will idle).
[2025-08-16T01:14:43.3703003-04:00] ===== server-run start =====
[2025-08-16T01:14:43.3703003-04:00] PSVersion=5.1.19041.6216 root=C:\Users\kimhy\Desktop\StateID-App
[2025-08-16T01:14:43.9656205-04:00] No conflicting listener on 8787 (or it is our own pid=11916).
[2025-08-16T01:14:43.9656205-04:00] ENV WRITE_IDS=false PORT=8787
[2025-08-16T01:14:43.9968690-04:00] Node path=C:\Program Files\nodejs\node.exe version=v22.16.0
[2025-08-16T01:14:44.1218697-04:00] Starting background job 'StateID-Node'...
[2025-08-16T01:14:44.2492414-04:00] Job started: Id=3 State=Running
[2025-08-16T01:14:44.8610705-04:00] healthz ok on try=0
[2025-08-16T01:14:44.8610705-04:00] Server is healthy.
[2025-08-16T01:14:44.8610705-04:00] Exiting server-run.ps1 with code 0 (worker will idle).
[2025-08-16T01:14:46.8588594-04:00] ===== server-run start =====
[2025-08-16T01:14:46.8744798-04:00] PSVersion=5.1.19041.6216 root=C:\Users\kimhy\Desktop\StateID-App
[2025-08-16T01:14:47.6569565-04:00] No conflicting listener on 8787 (or it is our own pid=7000).
[2025-08-16T01:14:47.6569565-04:00] ENV WRITE_IDS=false PORT=8787
[2025-08-16T01:14:47.6904096-04:00] Node path=C:\Program Files\nodejs\node.exe version=v22.16.0
[2025-08-16T01:14:47.8403760-04:00] Starting background job 'StateID-Node'...
[2025-08-16T01:14:47.9405449-04:00] Job started: Id=3 State=Running
[2025-08-16T01:14:48.5074859-04:00] healthz ok on try=0
[2025-08-16T01:14:48.5074859-04:00] Server is healthy.
[2025-08-16T01:14:48.5074859-04:00] Exiting server-run.ps1 with code 0 (worker will idle).
[2025-08-16T01:14:50.4754934-04:00] ===== server-run start =====
[2025-08-16T01:14:50.4920089-04:00] PSVersion=5.1.19041.6216 root=C:\Users\kimhy\Desktop\StateID-App
[2025-08-16T01:14:51.0093395-04:00] No conflicting listener on 8787 (or it is our own pid=9792).
[2025-08-16T01:14:51.0093395-04:00] ENV WRITE_IDS=false PORT=8787
[2025-08-16T01:14:51.0425465-04:00] Node path=C:\Program Files\nodejs\node.exe version=v22.16.0
[2025-08-16T01:14:51.1760466-04:00] Starting background job 'StateID-Node'...
[2025-08-16T01:14:51.2926903-04:00] Job started: Id=3 State=Running
[2025-08-16T01:14:51.8765130-04:00] healthz ok on try=0
[2025-08-16T01:14:51.8765130-04:00] Server is healthy.
[2025-08-16T01:14:51.9097065-04:00] Exiting server-run.ps1 with code 0 (worker will idle).
[2025-08-16T01:14:53.9277726-04:00] ===== server-run start =====
[2025-08-16T01:14:53.9447437-04:00] PSVersion=5.1.19041.6216 root=C:\Users\kimhy\Desktop\StateID-App
[2025-08-16T01:14:54.4614548-04:00] No conflicting listener on 8787 (or it is our own pid=7684).
[2025-08-16T01:14:54.4781484-04:00] ENV WRITE_IDS=false PORT=8787
[2025-08-16T01:14:54.5115033-04:00] Node path=C:\Program Files\nodejs\node.exe version=v22.16.0
[2025-08-16T01:14:54.6449812-04:00] Starting background job 'StateID-Node'...
[2025-08-16T01:14:54.7450269-04:00] Job started: Id=3 State=Running
[2025-08-16T01:14:55.3456289-04:00] healthz ok on try=0
[2025-08-16T01:14:55.3787579-04:00] Server is healthy.
[2025-08-16T01:14:55.3787579-04:00] Exiting server-run.ps1 with code 0 (worker will idle).
[2025-08-16T01:14:57.4301765-04:00] ===== server-run start =====
[2025-08-16T01:14:57.4469479-04:00] PSVersion=5.1.19041.6216 root=C:\Users\kimhy\Desktop\StateID-App
[2025-08-16T01:14:57.9805829-04:00] No conflicting listener on 8787 (or it is our own pid=11336).
[2025-08-16T01:14:57.9805829-04:00] ENV WRITE_IDS=false PORT=8787
[2025-08-16T01:14:58.0139618-04:00] Node path=C:\Program Files\nodejs\node.exe version=v22.16.0
[2025-08-16T01:14:58.1972733-04:00] Starting background job 'StateID-Node'...
[2025-08-16T01:14:58.4976345-04:00] Job started: Id=3 State=Running
[2025-08-16T01:14:59.0979862-04:00] healthz ok on try=0
[2025-08-16T01:14:59.0979862-04:00] Server is healthy.
[2025-08-16T01:14:59.0979862-04:00] Exiting server-run.ps1 with code 0 (worker will idle).
[2025-08-16T01:15:01.0999337-04:00] ===== server-run start =====
[2025-08-16T01:15:01.1109237-04:00] PSVersion=5.1.19041.6216 root=C:\Users\kimhy\Desktop\StateID-App
[2025-08-16T01:15:01.6157817-04:00] No conflicting listener on 8787 (or it is our own pid=9212).
[2025-08-16T01:15:01.6157817-04:00] ENV WRITE_IDS=false PORT=8787
[2025-08-16T01:15:01.6542093-04:00] Node path=C:\Program Files\nodejs\node.exe version=v22.16.0
[2025-08-16T01:15:01.7906478-04:00] Starting background job 'StateID-Node'...
[2025-08-16T01:15:01.8993282-04:00] Job started: Id=3 State=Running
[2025-08-16T01:15:02.5315255-04:00] healthz ok on try=0
[2025-08-16T01:15:02.5330822-04:00] Server is healthy.
[2025-08-16T01:15:02.5341523-04:00] Exiting server-run.ps1 with code 0 (worker will idle).
[2025-08-16T01:15:04.6405714-04:00] ===== server-run start =====
[2025-08-16T01:15:04.6512947-04:00] PSVersion=5.1.19041.6216 root=C:\Users\kimhy\Desktop\StateID-App
[2025-08-16T01:15:05.2146328-04:00] No conflicting listener on 8787 (or it is our own pid=3508).
[2025-08-16T01:15:05.2166313-04:00] ENV WRITE_IDS=false PORT=8787
[2025-08-16T01:15:05.2546395-04:00] Node path=C:\Program Files\nodejs\node.exe version=v22.16.0
[2025-08-16T01:15:05.3934253-04:00] Starting background job 'StateID-Node'...
[2025-08-16T01:15:05.5218312-04:00] Job started: Id=3 State=Running
[2025-08-16T01:15:06.0985287-04:00] healthz ok on try=0
[2025-08-16T01:15:06.1375760-04:00] Server is healthy.
[2025-08-16T01:15:06.1385780-04:00] Exiting server-run.ps1 with code 0 (worker will idle).
[2025-08-16T01:15:08.1929150-04:00] ===== server-run start =====
[2025-08-16T01:15:08.2036092-04:00] PSVersion=5.1.19041.6216 root=C:\Users\kimhy\Desktop\StateID-App
[2025-08-16T01:15:08.7755605-04:00] No conflicting listener on 8787 (or it is our own pid=2224).
[2025-08-16T01:15:08.7775607-04:00] ENV WRITE_IDS=false PORT=8787
[2025-08-16T01:15:08.8120303-04:00] Node path=C:\Program Files\nodejs\node.exe version=v22.16.0
[2025-08-16T01:15:08.9504714-04:00] Starting background job 'StateID-Node'...
[2025-08-16T01:15:09.0769246-04:00] Job started: Id=3 State=Running
[2025-08-16T01:15:09.6529686-04:00] healthz ok on try=0
[2025-08-16T01:15:09.6899447-04:00] Server is healthy.
[2025-08-16T01:15:09.6909843-04:00] Exiting server-run.ps1 with code 0 (worker will idle).
[2025-08-16T01:15:11.7944308-04:00] ===== server-run start =====
[2025-08-16T01:15:11.8044172-04:00] PSVersion=5.1.19041.6216 root=C:\Users\kimhy\Desktop\StateID-App
[2025-08-16T01:15:12.4011514-04:00] No conflicting listener on 8787 (or it is our own pid=12828).
[2025-08-16T01:15:12.4031499-04:00] ENV WRITE_IDS=false PORT=8787
[2025-08-16T01:15:12.4347667-04:00] Node path=C:\Program Files\nodejs\node.exe version=v22.16.0
[2025-08-16T01:15:12.5789285-04:00] Starting background job 'StateID-Node'...
[2025-08-16T01:15:12.6997030-04:00] Job started: Id=3 State=Running
[2025-08-16T01:15:13.2870466-04:00] healthz ok on try=0
[2025-08-16T01:15:13.3281736-04:00] Server is healthy.
[2025-08-16T01:15:13.3291743-04:00] Exiting server-run.ps1 with code 0 (worker will idle).
[2025-08-16T01:15:15.3795991-04:00] ===== server-run start =====
[2025-08-16T01:15:15.3906204-04:00] PSVersion=5.1.19041.6216 root=C:\Users\kimhy\Desktop\StateID-App
[2025-08-16T01:15:15.9758482-04:00] No conflicting listener on 8787 (or it is our own pid=7768).
[2025-08-16T01:15:15.9783526-04:00] ENV WRITE_IDS=false PORT=8787
[2025-08-16T01:15:16.0132329-04:00] Node path=C:\Program Files\nodejs\node.exe version=v22.16.0
[2025-08-16T01:15:16.1600132-04:00] Starting background job 'StateID-Node'...
[2025-08-16T01:15:16.2774939-04:00] Job started: Id=3 State=Running
[2025-08-16T01:15:16.8714229-04:00] healthz ok on try=0
[2025-08-16T01:15:16.8724228-04:00] Server is healthy.
[2025-08-16T01:15:16.8734240-04:00] Exiting server-run.ps1 with code 0 (worker will idle).
[2025-08-16T01:15:18.8889037-04:00] ===== server-run start =====
[2025-08-16T01:15:18.9001558-04:00] PSVersion=5.1.19041.6216 root=C:\Users\kimhy\Desktop\StateID-App
[2025-08-16T01:15:19.4883317-04:00] No conflicting listener on 8787 (or it is our own pid=8248).
[2025-08-16T01:15:19.4913331-04:00] ENV WRITE_IDS=false PORT=8787
[2025-08-16T01:15:19.5230875-04:00] Node path=C:\Program Files\nodejs\node.exe version=v22.16.0
[2025-08-16T01:15:19.6657031-04:00] Starting background job 'StateID-Node'...
[2025-08-16T01:15:19.7890210-04:00] Job started: Id=3 State=Running
[2025-08-16T01:15:20.3768169-04:00] healthz ok on try=0
[2025-08-16T01:15:20.3784800-04:00] Server is healthy.
[2025-08-16T01:15:20.3794837-04:00] Exiting server-run.ps1 with code 0 (worker will idle).
[2025-08-16T01:15:22.5586334-04:00] ===== server-run start =====
[2025-08-16T01:15:22.5703031-04:00] PSVersion=5.1.19041.6216 root=C:\Users\kimhy\Desktop\StateID-App
[2025-08-16T01:15:23.1817080-04:00] No conflicting listener on 8787 (or it is our own pid=1416).
[2025-08-16T01:15:23.1837094-04:00] ENV WRITE_IDS=false PORT=8787
[2025-08-16T01:15:23.2157339-04:00] Node path=C:\Program Files\nodejs\node.exe version=v22.16.0
[2025-08-16T01:15:23.3637989-04:00] Starting background job 'StateID-Node'...
[2025-08-16T01:15:23.4788545-04:00] Job started: Id=3 State=Running
[2025-08-16T01:15:24.1078356-04:00] healthz ok on try=0
[2025-08-16T01:15:24.1088100-04:00] Server is healthy.
[2025-08-16T01:15:24.1097873-04:00] Exiting server-run.ps1 with code 0 (worker will idle).
[2025-08-16T01:15:26.0374056-04:00] ===== server-run start =====
[2025-08-16T01:15:26.0469135-04:00] PSVersion=5.1.19041.6216 root=C:\Users\kimhy\Desktop\StateID-App
[2025-08-16T01:15:26.5564535-04:00] No conflicting listener on 8787 (or it is our own pid=2488).
[2025-08-16T01:15:26.5564535-04:00] ENV WRITE_IDS=false PORT=8787
[2025-08-16T01:15:26.5877042-04:00] Node path=C:\Program Files\nodejs\node.exe version=v22.16.0
[2025-08-16T01:15:26.7127036-04:00] Starting background job 'StateID-Node'...
[2025-08-16T01:15:26.8220788-04:00] Job started: Id=3 State=Running
[2025-08-16T01:15:27.4200689-04:00] healthz ok on try=0
[2025-08-16T01:15:27.4210696-04:00] Server is healthy.
[2025-08-16T01:15:27.4229284-04:00] Exiting server-run.ps1 with code 0 (worker will idle).
[2025-08-16T01:15:29.2389041-04:00] ===== server-run start =====
[2025-08-16T01:15:29.2545654-04:00] PSVersion=5.1.19041.6216 root=C:\Users\kimhy\Desktop\StateID-App
[2025-08-16T01:15:29.7260211-04:00] No conflicting listener on 8787 (or it is our own pid=8936).
[2025-08-16T01:15:29.7260211-04:00] ENV WRITE_IDS=false PORT=8787
[2025-08-16T01:15:29.7572715-04:00] Node path=C:\Program Files\nodejs\node.exe version=v22.16.0
[2025-08-16T01:15:29.8822731-04:00] Starting background job 'StateID-Node'...
[2025-08-16T01:15:30.0120888-04:00] Job started: Id=3 State=Running
[2025-08-16T01:15:30.5944183-04:00] healthz ok on try=0
[2025-08-16T01:15:30.5964366-04:00] Server is healthy.
[2025-08-16T01:15:30.6337418-04:00] Exiting server-run.ps1 with code 0 (worker will idle).
[2025-08-16T01:15:32.3855713-04:00] ===== server-run start =====
[2025-08-16T01:15:32.4076860-04:00] PSVersion=5.1.19041.6216 root=C:\Users\kimhy\Desktop\StateID-App
[2025-08-16T01:15:33.0520647-04:00] No conflicting listener on 8787 (or it is our own pid=6928).
[2025-08-16T01:15:33.0520647-04:00] ENV WRITE_IDS=false PORT=8787
[2025-08-16T01:15:33.0676892-04:00] Node path=C:\Program Files\nodejs\node.exe version=v22.16.0
[2025-08-16T01:15:33.1926901-04:00] Starting background job 'StateID-Node'...
[2025-08-16T01:15:33.3041935-04:00] Job started: Id=3 State=Running
[2025-08-16T01:15:33.8996543-04:00] healthz ok on try=0
[2025-08-16T01:15:33.8996543-04:00] Server is healthy.
[2025-08-16T01:15:33.8996543-04:00] Exiting server-run.ps1 with code 0 (worker will idle).
[2025-08-16T01:15:35.8442577-04:00] ===== server-run start =====
[2025-08-16T01:15:35.8598625-04:00] PSVersion=5.1.19041.6216 root=C:\Users\kimhy\Desktop\StateID-App
[2025-08-16T01:15:36.3775714-04:00] No conflicting listener on 8787 (or it is our own pid=7660).
[2025-08-16T01:15:36.3795393-04:00] ENV WRITE_IDS=false PORT=8787
[2025-08-16T01:15:36.4075667-04:00] Node path=C:\Program Files\nodejs\node.exe version=v22.16.0
[2025-08-16T01:15:36.5501982-04:00] Starting background job 'StateID-Node'...
[2025-08-16T01:15:36.6661764-04:00] Job started: Id=3 State=Running
[2025-08-16T01:15:37.2820372-04:00] healthz ok on try=0
[2025-08-16T01:15:37.2830375-04:00] Server is healthy.
[2025-08-16T01:15:37.2844771-04:00] Exiting server-run.ps1 with code 0 (worker will idle).
[2025-08-16T01:15:39.2974717-04:00] ===== server-run start =====
[2025-08-16T01:15:39.3089415-04:00] PSVersion=5.1.19041.6216 root=C:\Users\kimhy\Desktop\StateID-App
[2025-08-16T01:15:39.8739333-04:00] No conflicting listener on 8787 (or it is our own pid=8324).
[2025-08-16T01:15:39.8767523-04:00] ENV WRITE_IDS=false PORT=8787
[2025-08-16T01:15:39.9062236-04:00] Node path=C:\Program Files\nodejs\node.exe version=v22.16.0
[2025-08-16T01:15:40.0404202-04:00] Starting background job 'StateID-Node'...
[2025-08-16T01:15:40.1364310-04:00] Job started: Id=3 State=Running
[2025-08-16T01:15:40.7263419-04:00] healthz ok on try=0
[2025-08-16T01:15:40.7661721-04:00] Server is healthy.
[2025-08-16T01:15:40.7661721-04:00] Exiting server-run.ps1 with code 0 (worker will idle).
[2025-08-16T01:15:42.7848152-04:00] ===== server-run start =====
[2025-08-16T01:15:42.7968183-04:00] PSVersion=5.1.19041.6216 root=C:\Users\kimhy\Desktop\StateID-App
[2025-08-16T01:15:43.2894312-04:00] No conflicting listener on 8787 (or it is our own pid=9316).
[2025-08-16T01:15:43.2894312-04:00] ENV WRITE_IDS=false PORT=8787
[2025-08-16T01:15:43.3210548-04:00] Node path=C:\Program Files\nodejs\node.exe version=v22.16.0
[2025-08-16T01:15:43.4392701-04:00] Starting background job 'StateID-Node'...
[2025-08-16T01:15:43.5582249-04:00] Job started: Id=3 State=Running
[2025-08-16T01:15:44.1427814-04:00] healthz ok on try=0
[2025-08-16T01:15:44.1757879-04:00] Server is healthy.
[2025-08-16T01:15:44.1757879-04:00] Exiting server-run.ps1 with code 0 (worker will idle).
[2025-08-16T01:15:46.1265155-04:00] ===== server-run start =====
[2025-08-16T01:15:46.1348058-04:00] PSVersion=5.1.19041.6216 root=C:\Users\kimhy\Desktop\StateID-App
[2025-08-16T01:15:46.6460309-04:00] No conflicting listener on 8787 (or it is our own pid=2784).
[2025-08-16T01:15:46.6460309-04:00] ENV WRITE_IDS=false PORT=8787
[2025-08-16T01:15:46.6899105-04:00] Node path=C:\Program Files\nodejs\node.exe version=v22.16.0
[2025-08-16T01:15:46.8108014-04:00] Starting background job 'StateID-Node'...
[2025-08-16T01:15:46.9629847-04:00] Job started: Id=3 State=Running
[2025-08-16T01:15:47.6115286-04:00] healthz ok on try=0
[2025-08-16T01:15:47.6133746-04:00] Server is healthy.
[2025-08-16T01:15:47.6144149-04:00] Exiting server-run.ps1 with code 0 (worker will idle).
[2025-08-16T01:15:49.6318216-04:00] ===== server-run start =====
[2025-08-16T01:15:49.6318216-04:00] PSVersion=5.1.19041.6216 root=C:\Users\kimhy\Desktop\StateID-App
[2025-08-16T01:15:50.1307843-04:00] No conflicting listener on 8787 (or it is our own pid=5068).
[2025-08-16T01:15:50.1307843-04:00] ENV WRITE_IDS=false PORT=8787
[2025-08-16T01:15:50.1620279-04:00] Node path=C:\Program Files\nodejs\node.exe version=v22.16.0
[2025-08-16T01:15:50.2916720-04:00] Starting background job 'StateID-Node'...
[2025-08-16T01:15:50.3966854-04:00] Job started: Id=3 State=Running
[2025-08-16T01:15:50.9789579-04:00] healthz ok on try=0
[2025-08-16T01:15:50.9789579-04:00] Server is healthy.
[2025-08-16T01:15:50.9789579-04:00] Exiting server-run.ps1 with code 0 (worker will idle).
[2025-08-16T01:15:52.9670285-04:00] ===== server-run start =====
[2025-08-16T01:15:52.9770294-04:00] PSVersion=5.1.19041.6216 root=C:\Users\kimhy\Desktop\StateID-App
[2025-08-16T01:15:53.5298360-04:00] No conflicting listener on 8787 (or it is our own pid=4992).
[2025-08-16T01:15:53.5298360-04:00] ENV WRITE_IDS=false PORT=8787
[2025-08-16T01:15:53.5610833-04:00] Node path=C:\Program Files\nodejs\node.exe version=v22.16.0
[2025-08-16T01:15:53.6860848-04:00] Starting background job 'StateID-Node'...
[2025-08-16T01:15:53.7954605-04:00] Job started: Id=3 State=Running
[2025-08-16T01:15:54.3845889-04:00] healthz ok on try=0
[2025-08-16T01:15:54.3865911-04:00] Server is healthy.
[2025-08-16T01:15:54.3875924-04:00] Exiting server-run.ps1 with code 0 (worker will idle).
[2025-08-16T01:15:56.2892736-04:00] ===== server-run start =====
[2025-08-16T01:15:56.3003309-04:00] PSVersion=5.1.19041.6216 root=C:\Users\kimhy\Desktop\StateID-App
[2025-08-16T01:15:56.8572908-04:00] No conflicting listener on 8787 (or it is our own pid=9336).
[2025-08-16T01:15:56.8602606-04:00] ENV WRITE_IDS=false PORT=8787
[2025-08-16T01:15:56.8908394-04:00] Node path=C:\Program Files\nodejs\node.exe version=v22.16.0
[2025-08-16T01:15:57.0213738-04:00] Starting background job 'StateID-Node'...
[2025-08-16T01:15:57.1775473-04:00] Job started: Id=3 State=Running
[2025-08-16T01:15:57.7891478-04:00] healthz ok on try=0
[2025-08-16T01:15:57.7901482-04:00] Server is healthy.
[2025-08-16T01:15:57.7911258-04:00] Exiting server-run.ps1 with code 0 (worker will idle).
[2025-08-16T01:15:59.6944082-04:00] ===== server-run start =====
[2025-08-16T01:15:59.7050855-04:00] PSVersion=5.1.19041.6216 root=C:\Users\kimhy\Desktop\StateID-App
[2025-08-16T01:16:00.2145252-04:00] No conflicting listener on 8787 (or it is our own pid=10624).
[2025-08-16T01:16:00.2301643-04:00] ENV WRITE_IDS=false PORT=8787
[2025-08-16T01:16:00.2614005-04:00] Node path=C:\Program Files\nodejs\node.exe version=v22.16.0
[2025-08-16T01:16:00.4103503-04:00] Starting background job 'StateID-Node'...
[2025-08-16T01:16:00.5215715-04:00] Job started: Id=3 State=Running
[2025-08-16T01:16:01.3121536-04:00] healthz ok on try=0
[2025-08-16T01:16:01.3434014-04:00] Server is healthy.
[2025-08-16T01:16:01.3434014-04:00] Exiting server-run.ps1 with code 0 (worker will idle).
[2025-08-16T01:16:03.1747485-04:00] ===== server-run start =====
[2025-08-16T01:16:03.1903833-04:00] PSVersion=5.1.19041.6216 root=C:\Users\kimhy\Desktop\StateID-App
[2025-08-16T01:16:03.6615517-04:00] No conflicting listener on 8787 (or it is our own pid=5628).
[2025-08-16T01:16:03.6615517-04:00] ENV WRITE_IDS=false PORT=8787
[2025-08-16T01:16:03.6928257-04:00] Node path=C:\Program Files\nodejs\node.exe version=v22.16.0
[2025-08-16T01:16:03.8178035-04:00] Starting background job 'StateID-Node'...
[2025-08-16T01:16:03.9115531-04:00] Job started: Id=3 State=Running
[2025-08-16T01:16:04.5027626-04:00] healthz ok on try=0
[2025-08-16T01:16:04.5340032-04:00] Server is healthy.
[2025-08-16T01:16:04.5340032-04:00] Exiting server-run.ps1 with code 0 (worker will idle).
[2025-08-16T01:16:06.5184329-04:00] ===== server-run start =====
[2025-08-16T01:16:06.5315113-04:00] PSVersion=5.1.19041.6216 root=C:\Users\kimhy\Desktop\StateID-App
[2025-08-16T01:16:07.1039095-04:00] No conflicting listener on 8787 (or it is our own pid=8628).
[2025-08-16T01:16:07.1059099-04:00] ENV WRITE_IDS=false PORT=8787
[2025-08-16T01:16:07.1383675-04:00] Node path=C:\Program Files\nodejs\node.exe version=v22.16.0
[2025-08-16T01:16:07.2862565-04:00] Starting background job 'StateID-Node'...
[2025-08-16T01:16:07.3941855-04:00] Job started: Id=3 State=Running
[2025-08-16T01:16:07.9815458-04:00] healthz ok on try=0
[2025-08-16T01:16:08.0177880-04:00] Server is healthy.
[2025-08-16T01:16:08.0177880-04:00] Exiting server-run.ps1 with code 0 (worker will idle).
[2025-08-16T01:16:09.9511467-04:00] ===== server-run start =====
[2025-08-16T01:16:09.9511467-04:00] PSVersion=5.1.19041.6216 root=C:\Users\kimhy\Desktop\StateID-App
[2025-08-16T01:16:10.5614625-04:00] No conflicting listener on 8787 (or it is our own pid=5108).
[2025-08-16T01:16:10.5643354-04:00] ENV WRITE_IDS=false PORT=8787
[2025-08-16T01:16:10.5970137-04:00] Node path=C:\Program Files\nodejs\node.exe version=v22.16.0
[2025-08-16T01:16:10.7491655-04:00] Starting background job 'StateID-Node'...
[2025-08-16T01:16:10.8623271-04:00] Job started: Id=3 State=Running
[2025-08-16T01:16:11.4729322-04:00] healthz ok on try=0
[2025-08-16T01:16:11.4885889-04:00] Server is healthy.
[2025-08-16T01:16:11.4885889-04:00] Exiting server-run.ps1 with code 0 (worker will idle).
[2025-08-16T01:16:13.3865803-04:00] ===== server-run start =====
[2025-08-16T01:16:13.3973642-04:00] PSVersion=5.1.19041.6216 root=C:\Users\kimhy\Desktop\StateID-App
[2025-08-16T01:16:13.8874734-04:00] No conflicting listener on 8787 (or it is our own pid=9292).
[2025-08-16T01:16:13.8874734-04:00] ENV WRITE_IDS=false PORT=8787
[2025-08-16T01:16:13.9187209-04:00] Node path=C:\Program Files\nodejs\node.exe version=v22.16.0
[2025-08-16T01:16:14.0478001-04:00] Starting background job 'StateID-Node'...
[2025-08-16T01:16:14.1614862-04:00] Job started: Id=3 State=Running
[2025-08-16T01:16:14.7594929-04:00] healthz ok on try=0
[2025-08-16T01:16:14.7594929-04:00] Server is healthy.
[2025-08-16T01:16:14.7594929-04:00] Exiting server-run.ps1 with code 0 (worker will idle).
[2025-08-16T01:16:16.4796041-04:00] ===== server-run start =====
[2025-08-16T01:16:16.4952073-04:00] PSVersion=5.1.19041.6216 root=C:\Users\kimhy\Desktop\StateID-App
[2025-08-16T01:16:16.9807154-04:00] No conflicting listener on 8787 (or it is our own pid=7576).
[2025-08-16T01:16:16.9807154-04:00] ENV WRITE_IDS=false PORT=8787
[2025-08-16T01:16:17.0119780-04:00] Node path=C:\Program Files\nodejs\node.exe version=v22.16.0
[2025-08-16T01:16:17.1369890-04:00] Starting background job 'StateID-Node'...
[2025-08-16T01:16:17.2463426-04:00] Job started: Id=3 State=Running
[2025-08-16T01:16:17.8400911-04:00] healthz ok on try=0
[2025-08-16T01:16:17.8400911-04:00] Server is healthy.
[2025-08-16T01:16:17.8400911-04:00] Exiting server-run.ps1 with code 0 (worker will idle).
[2025-08-16T01:16:19.5914971-04:00] ===== server-run start =====
[2025-08-16T01:16:19.6070997-04:00] PSVersion=5.1.19041.6216 root=C:\Users\kimhy\Desktop\StateID-App
[2025-08-16T01:16:20.1184900-04:00] No conflicting listener on 8787 (or it is our own pid=10084).
[2025-08-16T01:16:20.1184900-04:00] ENV WRITE_IDS=false PORT=8787
[2025-08-16T01:16:20.1497405-04:00] Node path=C:\Program Files\nodejs\node.exe version=v22.16.0
[2025-08-16T01:16:20.2591223-04:00] Starting background job 'StateID-Node'...
[2025-08-16T01:16:20.3686145-04:00] Job started: Id=3 State=Running
[2025-08-16T01:16:20.9509370-04:00] healthz ok on try=0
[2025-08-16T01:16:20.9509370-04:00] Server is healthy.
[2025-08-16T01:16:20.9821880-04:00] Exiting server-run.ps1 with code 0 (worker will idle).
[2025-08-16T01:16:22.9037996-04:00] ===== server-run start =====
[2025-08-16T01:16:22.9194266-04:00] PSVersion=5.1.19041.6216 root=C:\Users\kimhy\Desktop\StateID-App
[2025-08-16T01:16:23.4422993-04:00] No conflicting listener on 8787 (or it is our own pid=11016).
[2025-08-16T01:16:23.4442991-04:00] ENV WRITE_IDS=false PORT=8787
[2025-08-16T01:16:23.4767933-04:00] Node path=C:\Program Files\nodejs\node.exe version=v22.16.0
[2025-08-16T01:16:23.6096292-04:00] Starting background job 'StateID-Node'...
[2025-08-16T01:16:23.7202337-04:00] Job started: Id=3 State=Running
[2025-08-16T01:16:24.2889487-04:00] healthz ok on try=0
[2025-08-16T01:16:24.3202215-04:00] Server is healthy.
[2025-08-16T01:16:24.3202215-04:00] Exiting server-run.ps1 with code 0 (worker will idle).
[2025-08-16T01:16:26.0434963-04:00] ===== server-run start =====
[2025-08-16T01:16:26.0534945-04:00] PSVersion=5.1.19041.6216 root=C:\Users\kimhy\Desktop\StateID-App
[2025-08-16T01:16:26.5733998-04:00] No conflicting listener on 8787 (or it is our own pid=12852).
[2025-08-16T01:16:26.5733998-04:00] ENV WRITE_IDS=false PORT=8787
[2025-08-16T01:16:26.6064863-04:00] Node path=C:\Program Files\nodejs\node.exe version=v22.16.0
[2025-08-16T01:16:26.7400458-04:00] Starting background job 'StateID-Node'...
[2025-08-16T01:16:26.8371074-04:00] Job started: Id=3 State=Running
[2025-08-16T01:16:27.4551077-04:00] healthz ok on try=0
[2025-08-16T01:16:27.4561071-04:00] Server is healthy.
[2025-08-16T01:16:27.4577509-04:00] Exiting server-run.ps1 with code 0 (worker will idle).
[2025-08-16T01:16:29.4819297-04:00] ===== server-run start =====
[2025-08-16T01:16:29.4935318-04:00] PSVersion=5.1.19041.6216 root=C:\Users\kimhy\Desktop\StateID-App
[2025-08-16T01:16:30.0301904-04:00] No conflicting listener on 8787 (or it is our own pid=7740).
[2025-08-16T01:16:30.0322133-04:00] ENV WRITE_IDS=false PORT=8787
[2025-08-16T01:16:30.0604912-04:00] Node path=C:\Program Files\nodejs\node.exe version=v22.16.0
[2025-08-16T01:16:30.1892905-04:00] Starting background job 'StateID-Node'...
[2025-08-16T01:16:30.3020028-04:00] Job started: Id=3 State=Running
[2025-08-16T01:16:30.9120904-04:00] healthz ok on try=0
[2025-08-16T01:16:30.9130904-04:00] Server is healthy.
[2025-08-16T01:16:30.9140902-04:00] Exiting server-run.ps1 with code 0 (worker will idle).
[2025-08-16T01:16:32.9684376-04:00] ===== server-run start =====
[2025-08-16T01:16:32.9791545-04:00] PSVersion=5.1.19041.6216 root=C:\Users\kimhy\Desktop\StateID-App
[2025-08-16T01:16:33.5051804-04:00] No conflicting listener on 8787 (or it is our own pid=10116).
[2025-08-16T01:16:33.5071797-04:00] ENV WRITE_IDS=false PORT=8787
[2025-08-16T01:16:33.5428982-04:00] Node path=C:\Program Files\nodejs\node.exe version=v22.16.0
[2025-08-16T01:16:33.6876143-04:00] Starting background job 'StateID-Node'...
[2025-08-16T01:16:33.8024829-04:00] Job started: Id=3 State=Running
[2025-08-16T01:16:34.3881043-04:00] healthz ok on try=0
[2025-08-16T01:16:34.4285116-04:00] Server is healthy.
[2025-08-16T01:16:34.4297959-04:00] Exiting server-run.ps1 with code 0 (worker will idle).
[2025-08-16T01:16:36.4277837-04:00] ===== server-run start =====
[2025-08-16T01:16:36.4385210-04:00] PSVersion=5.1.19041.6216 root=C:\Users\kimhy\Desktop\StateID-App
[2025-08-16T01:16:36.9555659-04:00] No conflicting listener on 8787 (or it is our own pid=9412).
[2025-08-16T01:16:36.9575657-04:00] ENV WRITE_IDS=false PORT=8787
[2025-08-16T01:16:36.9858114-04:00] Node path=C:\Program Files\nodejs\node.exe version=v22.16.0
[2025-08-16T01:16:37.1242947-04:00] Starting background job 'StateID-Node'...
[2025-08-16T01:16:37.2359845-04:00] Job started: Id=3 State=Running
[2025-08-16T01:16:37.8453918-04:00] healthz ok on try=0
[2025-08-16T01:16:37.8470616-04:00] Server is healthy.
[2025-08-16T01:16:37.8480644-04:00] Exiting server-run.ps1 with code 0 (worker will idle).
[2025-08-16T01:16:39.7052751-04:00] ===== server-run start =====
[2025-08-16T01:16:39.7160203-04:00] PSVersion=5.1.19041.6216 root=C:\Users\kimhy\Desktop\StateID-App
[2025-08-16T01:16:40.2330182-04:00] No conflicting listener on 8787 (or it is our own pid=8880).
[2025-08-16T01:16:40.2349936-04:00] ENV WRITE_IDS=false PORT=8787
[2025-08-16T01:16:40.2646858-04:00] Node path=C:\Program Files\nodejs\node.exe version=v22.16.0
[2025-08-16T01:16:40.3920845-04:00] Starting background job 'StateID-Node'...
[2025-08-16T01:16:40.5048450-04:00] Job started: Id=3 State=Running
[2025-08-16T01:16:41.1159339-04:00] healthz ok on try=0
[2025-08-16T01:16:41.1179348-04:00] Server is healthy.
[2025-08-16T01:16:41.1189348-04:00] Exiting server-run.ps1 with code 0 (worker will idle).
[2025-08-16T01:16:42.9271711-04:00] ===== server-run start =====
[2025-08-16T01:16:42.9378321-04:00] PSVersion=5.1.19041.6216 root=C:\Users\kimhy\Desktop\StateID-App
[2025-08-16T01:16:43.4558818-04:00] No conflicting listener on 8787 (or it is our own pid=4996).
[2025-08-16T01:16:43.4588977-04:00] ENV WRITE_IDS=false PORT=8787
[2025-08-16T01:16:43.4882339-04:00] Node path=C:\Program Files\nodejs\node.exe version=v22.16.0
[2025-08-16T01:16:43.6169492-04:00] Starting background job 'StateID-Node'...
[2025-08-16T01:16:43.7286753-04:00] Job started: Id=3 State=Running
[2025-08-16T01:16:44.3461699-04:00] healthz ok on try=0
[2025-08-16T01:16:44.3471587-04:00] Server is healthy.
[2025-08-16T01:16:44.3481439-04:00] Exiting server-run.ps1 with code 0 (worker will idle).
[2025-08-16T01:16:46.2501420-04:00] ===== server-run start =====
[2025-08-16T01:16:46.2607728-04:00] PSVersion=5.1.19041.6216 root=C:\Users\kimhy\Desktop\StateID-App
[2025-08-16T01:16:46.7680630-04:00] No conflicting listener on 8787 (or it is our own pid=12908).
[2025-08-16T01:16:46.7707864-04:00] ENV WRITE_IDS=false PORT=8787
[2025-08-16T01:16:46.7993923-04:00] Node path=C:\Program Files\nodejs\node.exe version=v22.16.0
[2025-08-16T01:16:46.9318015-04:00] Starting background job 'StateID-Node'...
[2025-08-16T01:16:47.0465485-04:00] Job started: Id=3 State=Running
[2025-08-16T01:16:47.6203376-04:00] healthz ok on try=0
[2025-08-16T01:16:47.6567033-04:00] Server is healthy.
[2025-08-16T01:16:47.6586773-04:00] Exiting server-run.ps1 with code 0 (worker will idle).
[2025-08-16T01:16:49.4648278-04:00] ===== server-run start =====
[2025-08-16T01:16:49.4755897-04:00] PSVersion=5.1.19041.6216 root=C:\Users\kimhy\Desktop\StateID-App
[2025-08-16T01:16:49.9905449-04:00] No conflicting listener on 8787 (or it is our own pid=11416).
[2025-08-16T01:16:49.9925451-04:00] ENV WRITE_IDS=false PORT=8787
[2025-08-16T01:16:50.0202148-04:00] Node path=C:\Program Files\nodejs\node.exe version=v22.16.0
[2025-08-16T01:16:50.1476804-04:00] Starting background job 'StateID-Node'...
[2025-08-16T01:16:50.2583940-04:00] Job started: Id=3 State=Running
[2025-08-16T01:16:50.8725184-04:00] healthz ok on try=0
[2025-08-16T01:16:50.8735194-04:00] Server is healthy.
[2025-08-16T01:16:50.8745196-04:00] Exiting server-run.ps1 with code 0 (worker will idle).
[2025-08-16T01:16:52.7367436-04:00] ===== server-run start =====
[2025-08-16T01:16:52.7474671-04:00] PSVersion=5.1.19041.6216 root=C:\Users\kimhy\Desktop\StateID-App
[2025-08-16T01:16:53.3114716-04:00] No conflicting listener on 8787 (or it is our own pid=6496).
[2025-08-16T01:16:53.3134711-04:00] ENV WRITE_IDS=false PORT=8787
[2025-08-16T01:16:53.3478174-04:00] Node path=C:\Program Files\nodejs\node.exe version=v22.16.0
[2025-08-16T01:16:53.4822148-04:00] Starting background job 'StateID-Node'...
[2025-08-16T01:16:53.5939444-04:00] Job started: Id=3 State=Running
[2025-08-16T01:16:54.2630593-04:00] healthz ok on try=0
[2025-08-16T01:16:54.2640580-04:00] Server is healthy.
[2025-08-16T01:16:54.2650600-04:00] Exiting server-run.ps1 with code 0 (worker will idle).
[2025-08-16T01:16:56.0703246-04:00] ===== server-run start =====
[2025-08-16T01:16:56.0800946-04:00] PSVersion=5.1.19041.6216 root=C:\Users\kimhy\Desktop\StateID-App
[2025-08-16T01:16:56.5884467-04:00] No conflicting listener on 8787 (or it is our own pid=9888).
[2025-08-16T01:16:56.5904493-04:00] ENV WRITE_IDS=false PORT=8787
[2025-08-16T01:16:56.6197862-04:00] Node path=C:\Program Files\nodejs\node.exe version=v22.16.0
[2025-08-16T01:16:56.7481372-04:00] Starting background job 'StateID-Node'...
[2025-08-16T01:16:56.8608038-04:00] Job started: Id=3 State=Running
[2025-08-16T01:16:57.4775126-04:00] healthz ok on try=0
[2025-08-16T01:16:57.4939045-04:00] Server is healthy.
[2025-08-16T01:16:57.4939045-04:00] Exiting server-run.ps1 with code 0 (worker will idle).
[2025-08-16T01:16:59.3967669-04:00] ===== server-run start =====
[2025-08-16T01:16:59.4122152-04:00] PSVersion=5.1.19041.6216 root=C:\Users\kimhy\Desktop\StateID-App
[2025-08-16T01:16:59.9457256-04:00] No conflicting listener on 8787 (or it is our own pid=7300).
[2025-08-16T01:16:59.9457256-04:00] ENV WRITE_IDS=false PORT=8787
[2025-08-16T01:16:59.9791350-04:00] Node path=C:\Program Files\nodejs\node.exe version=v22.16.0
[2025-08-16T01:17:00.1124044-04:00] Starting background job 'StateID-Node'...
[2025-08-16T01:17:00.2135143-04:00] Job started: Id=3 State=Running
[2025-08-16T01:17:00.7962018-04:00] healthz ok on try=0
[2025-08-16T01:17:00.7962018-04:00] Server is healthy.
[2025-08-16T01:17:00.8297009-04:00] Exiting server-run.ps1 with code 0 (worker will idle).
[2025-08-16T01:17:02.8641795-04:00] ===== server-run start =====
[2025-08-16T01:17:02.8811232-04:00] PSVersion=5.1.19041.6216 root=C:\Users\kimhy\Desktop\StateID-App
[2025-08-16T01:17:03.6481054-04:00] No conflicting listener on 8787 (or it is our own pid=3860).
[2025-08-16T01:17:03.6647219-04:00] ENV WRITE_IDS=false PORT=8787
[2025-08-16T01:17:03.6816741-04:00] Node path=C:\Program Files\nodejs\node.exe version=v22.16.0
[2025-08-16T01:17:03.8150107-04:00] Starting background job 'StateID-Node'...
[2025-08-16T01:17:03.9316542-04:00] Job started: Id=3 State=Running
[2025-08-16T01:17:04.5143626-04:00] healthz ok on try=0
[2025-08-16T01:17:04.5512991-04:00] Server is healthy.
[2025-08-16T01:17:04.5523254-04:00] Exiting server-run.ps1 with code 0 (worker will idle).
[2025-08-16T01:17:06.6223920-04:00] ===== server-run start =====
[2025-08-16T01:17:06.6341243-04:00] PSVersion=5.1.19041.6216 root=C:\Users\kimhy\Desktop\StateID-App
[2025-08-16T01:17:07.1747119-04:00] No conflicting listener on 8787 (or it is our own pid=9580).
[2025-08-16T01:17:07.1767103-04:00] ENV WRITE_IDS=false PORT=8787
[2025-08-16T01:17:07.2055105-04:00] Node path=C:\Program Files\nodejs\node.exe version=v22.16.0
[2025-08-16T01:17:07.3541827-04:00] Starting background job 'StateID-Node'...
[2025-08-16T01:17:07.4759767-04:00] Job started: Id=3 State=Running
[2025-08-16T01:17:08.0850201-04:00] healthz ok on try=0
[2025-08-16T01:17:08.0860204-04:00] Server is healthy.
[2025-08-16T01:17:08.0870175-04:00] Exiting server-run.ps1 with code 0 (worker will idle).
[2025-08-16T01:17:09.9767608-04:00] ===== server-run start =====
[2025-08-16T01:17:09.9873175-04:00] PSVersion=5.1.19041.6216 root=C:\Users\kimhy\Desktop\StateID-App
[2025-08-16T01:17:10.5032810-04:00] No conflicting listener on 8787 (or it is our own pid=10452).
[2025-08-16T01:17:10.5052796-04:00] ENV WRITE_IDS=false PORT=8787
[2025-08-16T01:17:10.5339625-04:00] Node path=C:\Program Files\nodejs\node.exe version=v22.16.0
[2025-08-16T01:17:10.6674129-04:00] Starting background job 'StateID-Node'...
[2025-08-16T01:17:10.7801349-04:00] Job started: Id=3 State=Running
[2025-08-16T01:17:11.3952771-04:00] healthz ok on try=0
[2025-08-16T01:17:11.3972376-04:00] Server is healthy.
[2025-08-16T01:17:11.3982771-04:00] Exiting server-run.ps1 with code 0 (worker will idle).
[2025-08-16T01:17:13.2384865-04:00] ===== server-run start =====
[2025-08-16T01:17:13.2494861-04:00] PSVersion=5.1.19041.6216 root=C:\Users\kimhy\Desktop\StateID-App
[2025-08-16T01:17:13.7742655-04:00] No conflicting listener on 8787 (or it is our own pid=1724).
[2025-08-16T01:17:13.7762313-04:00] ENV WRITE_IDS=false PORT=8787
[2025-08-16T01:17:13.8056563-04:00] Node path=C:\Program Files\nodejs\node.exe version=v22.16.0
[2025-08-16T01:17:13.9363236-04:00] Starting background job 'StateID-Node'...
[2025-08-16T01:17:14.0470053-04:00] Job started: Id=3 State=Running
[2025-08-16T01:17:14.6227645-04:00] healthz ok on try=0
[2025-08-16T01:17:14.6614271-04:00] Server is healthy.
[2025-08-16T01:17:14.6624481-04:00] Exiting server-run.ps1 with code 0 (worker will idle).
[2025-08-16T01:17:16.5963796-04:00] ===== server-run start =====
[2025-08-16T01:17:16.6094737-04:00] PSVersion=5.1.19041.6216 root=C:\Users\kimhy\Desktop\StateID-App
[2025-08-16T01:17:17.1744709-04:00] No conflicting listener on 8787 (or it is our own pid=232).
[2025-08-16T01:17:17.1764716-04:00] ENV WRITE_IDS=false PORT=8787
[2025-08-16T01:17:17.2045323-04:00] Node path=C:\Program Files\nodejs\node.exe version=v22.16.0
[2025-08-16T01:17:17.3355870-04:00] Starting background job 'StateID-Node'...
[2025-08-16T01:17:17.4623184-04:00] Job started: Id=3 State=Running
[2025-08-16T01:17:18.0834272-04:00] healthz ok on try=0
[2025-08-16T01:17:18.0844017-04:00] Server is healthy.
[2025-08-16T01:17:18.0854255-04:00] Exiting server-run.ps1 with code 0 (worker will idle).
[2025-08-16T01:17:20.0413609-04:00] ===== server-run start =====
[2025-08-16T01:17:20.0525272-04:00] PSVersion=5.1.19041.6216 root=C:\Users\kimhy\Desktop\StateID-App
[2025-08-16T01:17:20.5887428-04:00] No conflicting listener on 8787 (or it is our own pid=8260).
[2025-08-16T01:17:20.5907442-04:00] ENV WRITE_IDS=false PORT=8787
[2025-08-16T01:17:20.6180825-04:00] Node path=C:\Program Files\nodejs\node.exe version=v22.16.0
[2025-08-16T01:17:20.7495207-04:00] Starting background job 'StateID-Node'...
[2025-08-16T01:17:20.8657001-04:00] Job started: Id=3 State=Running
[2025-08-16T01:17:21.4783788-04:00] healthz ok on try=0
[2025-08-16T01:17:21.4793502-04:00] Server is healthy.
[2025-08-16T01:17:21.4803742-04:00] Exiting server-run.ps1 with code 0 (worker will idle).
[2025-08-16T01:17:23.3301255-04:00] ===== server-run start =====
[2025-08-16T01:17:23.3401237-04:00] PSVersion=5.1.19041.6216 root=C:\Users\kimhy\Desktop\StateID-App
[2025-08-16T01:17:23.9413495-04:00] No conflicting listener on 8787 (or it is our own pid=8248).
[2025-08-16T01:17:23.9443484-04:00] ENV WRITE_IDS=false PORT=8787
[2025-08-16T01:17:23.9767803-04:00] Node path=C:\Program Files\nodejs\node.exe version=v22.16.0
[2025-08-16T01:17:24.1117845-04:00] Starting background job 'StateID-Node'...
[2025-08-16T01:17:24.2224964-04:00] Job started: Id=3 State=Running
[2025-08-16T01:17:24.8331125-04:00] healthz ok on try=0
[2025-08-16T01:17:24.8341127-04:00] Server is healthy.
[2025-08-16T01:17:24.8351133-04:00] Exiting server-run.ps1 with code 0 (worker will idle).
[2025-08-16T01:17:26.7285569-04:00] ===== server-run start =====
[2025-08-16T01:17:26.7402565-04:00] PSVersion=5.1.19041.6216 root=C:\Users\kimhy\Desktop\StateID-App
[2025-08-16T01:17:27.2785428-04:00] No conflicting listener on 8787 (or it is our own pid=9964).
[2025-08-16T01:17:27.2822627-04:00] ENV WRITE_IDS=false PORT=8787
[2025-08-16T01:17:27.3124172-04:00] Node path=C:\Program Files\nodejs\node.exe version=v22.16.0
[2025-08-16T01:17:27.4489970-04:00] Starting background job 'StateID-Node'...
[2025-08-16T01:17:27.5624150-04:00] Job started: Id=3 State=Running
[2025-08-16T01:17:28.1457985-04:00] healthz ok on try=0
[2025-08-16T01:17:28.1848308-04:00] Server is healthy.
[2025-08-16T01:17:28.1858448-04:00] Exiting server-run.ps1 with code 0 (worker will idle).
[2025-08-16T01:17:30.1548081-04:00] ===== server-run start =====
[2025-08-16T01:17:30.1655608-04:00] PSVersion=5.1.19041.6216 root=C:\Users\kimhy\Desktop\StateID-App
[2025-08-16T01:17:30.7007078-04:00] No conflicting listener on 8787 (or it is our own pid=7740).
[2025-08-16T01:17:30.7027226-04:00] ENV WRITE_IDS=false PORT=8787
[2025-08-16T01:17:30.7349972-04:00] Node path=C:\Program Files\nodejs\node.exe version=v22.16.0
[2025-08-16T01:17:30.8652592-04:00] Starting background job 'StateID-Node'...
[2025-08-16T01:17:30.9764515-04:00] Job started: Id=3 State=Running
[2025-08-16T01:17:31.5941694-04:00] healthz ok on try=0
[2025-08-16T01:17:31.5951442-04:00] Server is healthy.
[2025-08-16T01:17:31.5961695-04:00] Exiting server-run.ps1 with code 0 (worker will idle).
[2025-08-16T01:17:33.5364673-04:00] ===== server-run start =====
[2025-08-16T01:17:33.5464683-04:00] PSVersion=5.1.19041.6216 root=C:\Users\kimhy\Desktop\StateID-App
[2025-08-16T01:17:34.0791304-04:00] No conflicting listener on 8787 (or it is our own pid=12444).
[2025-08-16T01:17:34.0811306-04:00] ENV WRITE_IDS=false PORT=8787
[2025-08-16T01:17:34.1104437-04:00] Node path=C:\Program Files\nodejs\node.exe version=v22.16.0
[2025-08-16T01:17:34.2419016-04:00] Starting background job 'StateID-Node'...
[2025-08-16T01:17:34.3586497-04:00] Job started: Id=3 State=Running
[2025-08-16T01:17:34.9368823-04:00] healthz ok on try=0
[2025-08-16T01:17:34.9751763-04:00] Server is healthy.
[2025-08-16T01:17:34.9761781-04:00] Exiting server-run.ps1 with code 0 (worker will idle).
[2025-08-16T01:17:36.8725636-04:00] ===== server-run start =====
[2025-08-16T01:17:36.8835720-04:00] PSVersion=5.1.19041.6216 root=C:\Users\kimhy\Desktop\StateID-App
[2025-08-16T01:17:37.4112788-04:00] No conflicting listener on 8787 (or it is our own pid=9540).
[2025-08-16T01:17:37.4132806-04:00] ENV WRITE_IDS=false PORT=8787
[2025-08-16T01:17:37.4415116-04:00] Node path=C:\Program Files\nodejs\node.exe version=v22.16.0
[2025-08-16T01:17:37.5724841-04:00] Starting background job 'StateID-Node'...
[2025-08-16T01:17:37.6905521-04:00] Job started: Id=3 State=Running
[2025-08-16T01:17:38.3006766-04:00] healthz ok on try=0
[2025-08-16T01:17:38.3016738-04:00] Server is healthy.
[2025-08-16T01:17:38.3026749-04:00] Exiting server-run.ps1 with code 0 (worker will idle).
[2025-08-16T01:17:40.1970432-04:00] ===== server-run start =====
[2025-08-16T01:17:40.2085883-04:00] PSVersion=5.1.19041.6216 root=C:\Users\kimhy\Desktop\StateID-App
[2025-08-16T01:17:40.7265885-04:00] No conflicting listener on 8787 (or it is our own pid=6552).
[2025-08-16T01:17:40.7285885-04:00] ENV WRITE_IDS=false PORT=8787
[2025-08-16T01:17:40.7589063-04:00] Node path=C:\Program Files\nodejs\node.exe version=v22.16.0
[2025-08-16T01:17:40.8923711-04:00] Starting background job 'StateID-Node'...
[2025-08-16T01:17:41.0190762-04:00] Job started: Id=3 State=Running
[2025-08-16T01:17:41.6048260-04:00] healthz ok on try=0
[2025-08-16T01:17:41.6064829-04:00] Server is healthy.
[2025-08-16T01:17:41.6428369-04:00] Exiting server-run.ps1 with code 0 (worker will idle).
[2025-08-16T01:17:43.4921404-04:00] ===== server-run start =====
[2025-08-16T01:17:43.5021396-04:00] PSVersion=5.1.19041.6216 root=C:\Users\kimhy\Desktop\StateID-App
[2025-08-16T01:17:44.0221415-04:00] No conflicting listener on 8787 (or it is our own pid=3992).
[2025-08-16T01:17:44.0241408-04:00] ENV WRITE_IDS=false PORT=8787
[2025-08-16T01:17:44.0524453-04:00] Node path=C:\Program Files\nodejs\node.exe version=v22.16.0
[2025-08-16T01:17:44.1828980-04:00] Starting background job 'StateID-Node'...
[2025-08-16T01:17:44.2946262-04:00] Job started: Id=3 State=Running
[2025-08-16T01:17:44.9080949-04:00] healthz ok on try=0
[2025-08-16T01:17:44.9097225-04:00] Server is healthy.
[2025-08-16T01:17:44.9107224-04:00] Exiting server-run.ps1 with code 0 (worker will idle).
[2025-08-16T01:17:46.9347393-04:00] ===== server-run start =====
[2025-08-16T01:17:46.9464542-04:00] PSVersion=5.1.19041.6216 root=C:\Users\kimhy\Desktop\StateID-App
[2025-08-16T01:17:47.7802921-04:00] No conflicting listener on 8787 (or it is our own pid=11912).
[2025-08-16T01:17:47.7832935-04:00] ENV WRITE_IDS=false PORT=8787
[2025-08-16T01:17:47.8106386-04:00] Node path=C:\Program Files\nodejs\node.exe version=v22.16.0
[2025-08-16T01:17:47.9404086-04:00] Starting background job 'StateID-Node'...
[2025-08-16T01:17:48.0541473-04:00] Job started: Id=3 State=Running
[2025-08-16T01:17:48.6738721-04:00] healthz ok on try=0
[2025-08-16T01:17:48.6748723-04:00] Server is healthy.
[2025-08-16T01:17:48.6758713-04:00] Exiting server-run.ps1 with code 0 (worker will idle).
[2025-08-16T01:17:50.4905330-04:00] ===== server-run start =====
[2025-08-16T01:17:50.5061315-04:00] PSVersion=5.1.19041.6216 root=C:\Users\kimhy\Desktop\StateID-App
[2025-08-16T01:17:50.9875071-04:00] No conflicting listener on 8787 (or it is our own pid=11064).
[2025-08-16T01:17:50.9875071-04:00] ENV WRITE_IDS=false PORT=8787
[2025-08-16T01:17:51.0187080-04:00] Node path=C:\Program Files\nodejs\node.exe version=v22.16.0
[2025-08-16T01:17:51.1281212-04:00] Starting background job 'StateID-Node'...
[2025-08-16T01:17:51.2301298-04:00] Job started: Id=3 State=Running
[2025-08-16T01:17:51.8335131-04:00] healthz ok on try=0
[2025-08-16T01:17:51.8335131-04:00] Server is healthy.
[2025-08-16T01:17:51.8840254-04:00] Exiting server-run.ps1 with code 0 (worker will idle).
[2025-08-16T01:17:53.6086860-04:00] ===== server-run start =====
[2025-08-16T01:17:53.6086860-04:00] PSVersion=5.1.19041.6216 root=C:\Users\kimhy\Desktop\StateID-App
[2025-08-16T01:17:54.1952781-04:00] No conflicting listener on 8787 (or it is our own pid=9576).
[2025-08-16T01:17:54.1972845-04:00] ENV WRITE_IDS=false PORT=8787
[2025-08-16T01:17:54.2368291-04:00] Node path=C:\Program Files\nodejs\node.exe version=v22.16.0
[2025-08-16T01:17:54.3800289-04:00] Starting background job 'StateID-Node'...
[2025-08-16T01:17:54.4933394-04:00] Job started: Id=3 State=Running
[2025-08-16T01:17:55.0681592-04:00] healthz ok on try=0
[2025-08-16T01:17:55.1103114-04:00] Server is healthy.
[2025-08-16T01:17:55.1114411-04:00] Exiting server-run.ps1 with code 0 (worker will idle).
[2025-08-16T01:17:57.3072199-04:00] ===== server-run start =====
[2025-08-16T01:17:57.3213068-04:00] PSVersion=5.1.19041.6216 root=C:\Users\kimhy\Desktop\StateID-App
[2025-08-16T01:17:57.8621368-04:00] No conflicting listener on 8787 (or it is our own pid=6432).
[2025-08-16T01:17:57.8621368-04:00] ENV WRITE_IDS=false PORT=8787
[2025-08-16T01:17:57.8933599-04:00] Node path=C:\Program Files\nodejs\node.exe version=v22.16.0
[2025-08-16T01:17:58.0230933-04:00] Starting background job 'StateID-Node'...
[2025-08-16T01:17:58.1175329-04:00] Job started: Id=3 State=Running
[2025-08-16T01:17:58.7293549-04:00] healthz ok on try=0
[2025-08-16T01:17:58.7313624-04:00] Server is healthy.
[2025-08-16T01:17:58.7313624-04:00] Exiting server-run.ps1 with code 0 (worker will idle).
[2025-08-16T01:18:00.7613366-04:00] ===== server-run start =====
[2025-08-16T01:18:00.7758787-04:00] PSVersion=5.1.19041.6216 root=C:\Users\kimhy\Desktop\StateID-App
[2025-08-16T01:18:01.3458494-04:00] No conflicting listener on 8787 (or it is our own pid=12368).
[2025-08-16T01:18:01.3478496-04:00] ENV WRITE_IDS=false PORT=8787
[2025-08-16T01:18:01.3767696-04:00] Node path=C:\Program Files\nodejs\node.exe version=v22.16.0
[2025-08-16T01:18:01.5001160-04:00] Starting background job 'StateID-Node'...
[2025-08-16T01:18:01.5938563-04:00] Job started: Id=3 State=Running
[2025-08-16T01:18:02.1834217-04:00] healthz ok on try=0
[2025-08-16T01:18:02.2252701-04:00] Server is healthy.
[2025-08-16T01:18:02.2259182-04:00] Exiting server-run.ps1 with code 0 (worker will idle).
[2025-08-16T01:18:04.2330515-04:00] ===== server-run start =====
[2025-08-16T01:18:04.2486769-04:00] PSVersion=5.1.19041.6216 root=C:\Users\kimhy\Desktop\StateID-App
[2025-08-16T01:18:04.7931548-04:00] No conflicting listener on 8787 (or it is our own pid=1476).
[2025-08-16T01:18:04.7962257-04:00] ENV WRITE_IDS=false PORT=8787
[2025-08-16T01:18:04.8291129-04:00] Node path=C:\Program Files\nodejs\node.exe version=v22.16.0
[2025-08-16T01:18:05.0409778-04:00] Starting background job 'StateID-Node'...
[2025-08-16T01:18:05.2960578-04:00] Job started: Id=3 State=Running
[2025-08-16T01:18:05.9154542-04:00] healthz ok on try=0
[2025-08-16T01:18:05.9164856-04:00] Server is healthy.
[2025-08-16T01:18:05.9184216-04:00] Exiting server-run.ps1 with code 0 (worker will idle).
[2025-08-16T01:18:07.9155078-04:00] ===== server-run start =====
[2025-08-16T01:18:07.9241013-04:00] PSVersion=5.1.19041.6216 root=C:\Users\kimhy\Desktop\StateID-App
[2025-08-16T01:18:08.4837443-04:00] No conflicting listener on 8787 (or it is our own pid=9820).
[2025-08-16T01:18:08.4857137-04:00] ENV WRITE_IDS=false PORT=8787
[2025-08-16T01:18:08.5067605-04:00] Node path=C:\Program Files\nodejs\node.exe version=v22.16.0
[2025-08-16T01:18:08.6564714-04:00] Starting background job 'StateID-Node'...
[2025-08-16T01:18:08.7654110-04:00] Job started: Id=3 State=Running
[2025-08-16T01:18:09.3619489-04:00] healthz ok on try=0
[2025-08-16T01:18:09.3993002-04:00] Server is healthy.
[2025-08-16T01:18:09.3993002-04:00] Exiting server-run.ps1 with code 0 (worker will idle).
[2025-08-16T01:18:11.3004463-04:00] ===== server-run start =====
[2025-08-16T01:18:11.3171826-04:00] PSVersion=5.1.19041.6216 root=C:\Users\kimhy\Desktop\StateID-App
[2025-08-16T01:18:11.8983468-04:00] No conflicting listener on 8787 (or it is our own pid=3756).
[2025-08-16T01:18:11.9003463-04:00] ENV WRITE_IDS=false PORT=8787
[2025-08-16T01:18:11.9289135-04:00] Node path=C:\Program Files\nodejs\node.exe version=v22.16.0
[2025-08-16T01:18:12.0667901-04:00] Starting background job 'StateID-Node'...
[2025-08-16T01:18:12.1784064-04:00] Job started: Id=3 State=Running
[2025-08-16T01:18:12.7583342-04:00] healthz ok on try=0
[2025-08-16T01:18:12.8003182-04:00] Server is healthy.
[2025-08-16T01:18:12.8012853-04:00] Exiting server-run.ps1 with code 0 (worker will idle).
[2025-08-16T01:18:14.7586097-04:00] ===== server-run start =====
[2025-08-16T01:18:14.7742065-04:00] PSVersion=5.1.19041.6216 root=C:\Users\kimhy\Desktop\StateID-App
[2025-08-16T01:18:15.3634853-04:00] No conflicting listener on 8787 (or it is our own pid=3192).
[2025-08-16T01:18:15.3651807-04:00] ENV WRITE_IDS=false PORT=8787
[2025-08-16T01:18:15.3942973-04:00] Node path=C:\Program Files\nodejs\node.exe version=v22.16.0
[2025-08-16T01:18:15.5208112-04:00] Starting background job 'StateID-Node'...
[2025-08-16T01:18:15.6145524-04:00] Job started: Id=3 State=Running
[2025-08-16T01:18:16.2235377-04:00] healthz ok on try=0
[2025-08-16T01:18:16.2235377-04:00] Server is healthy.
[2025-08-16T01:18:16.2235377-04:00] Exiting server-run.ps1 with code 0 (worker will idle).
[2025-08-16T01:18:18.0360880-04:00] ===== server-run start =====
[2025-08-16T01:18:18.0457533-04:00] PSVersion=5.1.19041.6216 root=C:\Users\kimhy\Desktop\StateID-App
[2025-08-16T01:18:18.5406469-04:00] No conflicting listener on 8787 (or it is our own pid=12784).
[2025-08-16T01:18:18.5406469-04:00] ENV WRITE_IDS=false PORT=8787
[2025-08-16T01:18:18.5718933-04:00] Node path=C:\Program Files\nodejs\node.exe version=v22.16.0
[2025-08-16T01:18:18.6968979-04:00] Starting background job 'StateID-Node'...
[2025-08-16T01:18:18.7906449-04:00] Job started: Id=3 State=Running
[2025-08-16T01:18:19.4013720-04:00] healthz ok on try=0
[2025-08-16T01:18:19.4013720-04:00] Server is healthy.
[2025-08-16T01:18:19.4013720-04:00] Exiting server-run.ps1 with code 0 (worker will idle).
[2025-08-16T01:18:21.1372490-04:00] ===== server-run start =====
[2025-08-16T01:18:21.1528762-04:00] PSVersion=5.1.19041.6216 root=C:\Users\kimhy\Desktop\StateID-App
[2025-08-16T01:18:21.6372206-04:00] No conflicting listener on 8787 (or it is our own pid=12580).
[2025-08-16T01:18:21.6372206-04:00] ENV WRITE_IDS=false PORT=8787
[2025-08-16T01:18:21.6685020-04:00] Node path=C:\Program Files\nodejs\node.exe version=v22.16.0
[2025-08-16T01:18:21.7778466-04:00] Starting background job 'StateID-Node'...
[2025-08-16T01:18:21.8872213-04:00] Job started: Id=3 State=Running
[2025-08-16T01:18:22.6224045-04:00] healthz ok on try=0
[2025-08-16T01:18:22.6380270-04:00] Server is healthy.
[2025-08-16T01:18:22.6380270-04:00] Exiting server-run.ps1 with code 0 (worker will idle).
[2025-08-16T01:18:24.5392693-04:00] ===== server-run start =====
[2025-08-16T01:18:24.5492707-04:00] PSVersion=5.1.19041.6216 root=C:\Users\kimhy\Desktop\StateID-App
[2025-08-16T01:18:25.1179039-04:00] No conflicting listener on 8787 (or it is our own pid=3292).
[2025-08-16T01:18:25.1179039-04:00] ENV WRITE_IDS=false PORT=8787
[2025-08-16T01:18:25.1549607-04:00] Node path=C:\Program Files\nodejs\node.exe version=v22.16.0
[2025-08-16T01:18:25.2638699-04:00] Starting background job 'StateID-Node'...
[2025-08-16T01:18:25.3858438-04:00] Job started: Id=3 State=Running
[2025-08-16T01:18:25.9751210-04:00] healthz ok on try=0
[2025-08-16T01:18:25.9764230-04:00] Server is healthy.
[2025-08-16T01:18:26.0182238-04:00] Exiting server-run.ps1 with code 0 (worker will idle).
[2025-08-16T01:18:27.9845984-04:00] ===== server-run start =====
[2025-08-16T01:18:28.0108729-04:00] PSVersion=5.1.19041.6216 root=C:\Users\kimhy\Desktop\StateID-App
[2025-08-16T01:18:28.7347178-04:00] No conflicting listener on 8787 (or it is our own pid=10868).
[2025-08-16T01:18:28.7347178-04:00] ENV WRITE_IDS=false PORT=8787
[2025-08-16T01:18:28.7659669-04:00] Node path=C:\Program Files\nodejs\node.exe version=v22.16.0
[2025-08-16T01:18:28.8753434-04:00] Starting background job 'StateID-Node'...
[2025-08-16T01:18:28.9847202-04:00] Job started: Id=3 State=Running
[2025-08-16T01:18:29.5495630-04:00] healthz ok on try=0
[2025-08-16T01:18:29.5964380-04:00] Server is healthy.
[2025-08-16T01:18:29.5964380-04:00] Exiting server-run.ps1 with code 0 (worker will idle).
[2025-08-16T01:18:31.3898610-04:00] ===== server-run start =====
[2025-08-16T01:18:31.4055151-04:00] PSVersion=5.1.19041.6216 root=C:\Users\kimhy\Desktop\StateID-App
[2025-08-16T01:18:31.9765181-04:00] No conflicting listener on 8787 (or it is our own pid=1132).
[2025-08-16T01:18:31.9785189-04:00] ENV WRITE_IDS=false PORT=8787
[2025-08-16T01:18:32.0074147-04:00] Node path=C:\Program Files\nodejs\node.exe version=v22.16.0
[2025-08-16T01:18:32.1443552-04:00] Starting background job 'StateID-Node'...
[2025-08-16T01:18:32.2737368-04:00] Job started: Id=3 State=Running
[2025-08-16T01:18:32.8928660-04:00] healthz ok on try=0
[2025-08-16T01:18:32.8938968-04:00] Server is healthy.
[2025-08-16T01:18:32.8958673-04:00] Exiting server-run.ps1 with code 0 (worker will idle).
[2025-08-16T01:18:34.8084442-04:00] ===== server-run start =====
[2025-08-16T01:18:34.8204867-04:00] PSVersion=5.1.19041.6216 root=C:\Users\kimhy\Desktop\StateID-App
[2025-08-16T01:18:35.3663616-04:00] No conflicting listener on 8787 (or it is our own pid=8748).
[2025-08-16T01:18:35.3663616-04:00] ENV WRITE_IDS=false PORT=8787
[2025-08-16T01:18:35.4000495-04:00] Node path=C:\Program Files\nodejs\node.exe version=v22.16.0
[2025-08-16T01:18:35.5452176-04:00] Starting background job 'StateID-Node'...
[2025-08-16T01:18:35.6583299-04:00] Job started: Id=3 State=Running
[2025-08-16T01:18:36.2452592-04:00] healthz ok on try=0
[2025-08-16T01:18:36.2473019-04:00] Server is healthy.
[2025-08-16T01:18:36.2864263-04:00] Exiting server-run.ps1 with code 0 (worker will idle).
[2025-08-16T01:18:38.1423313-04:00] ===== server-run start =====
[2025-08-16T01:18:38.1423313-04:00] PSVersion=5.1.19041.6216 root=C:\Users\kimhy\Desktop\StateID-App
[2025-08-16T01:18:38.6970780-04:00] No conflicting listener on 8787 (or it is our own pid=5552).
[2025-08-16T01:18:38.6970780-04:00] ENV WRITE_IDS=false PORT=8787
[2025-08-16T01:18:38.7282989-04:00] Node path=C:\Program Files\nodejs\node.exe version=v22.16.0
[2025-08-16T01:18:38.8756554-04:00] Starting background job 'StateID-Node'...
[2025-08-16T01:18:38.9923391-04:00] Job started: Id=3 State=Running
[2025-08-16T01:18:39.5706218-04:00] healthz ok on try=0
[2025-08-16T01:18:39.5706218-04:00] Server is healthy.
[2025-08-16T01:18:39.5706218-04:00] Exiting server-run.ps1 with code 0 (worker will idle).
[2025-08-16T01:18:41.5092405-04:00] ===== server-run start =====
[2025-08-16T01:18:41.5248430-04:00] PSVersion=5.1.19041.6216 root=C:\Users\kimhy\Desktop\StateID-App
[2025-08-16T01:18:42.0434077-04:00] No conflicting listener on 8787 (or it is our own pid=3844).
[2025-08-16T01:18:42.0454080-04:00] ENV WRITE_IDS=false PORT=8787
[2025-08-16T01:18:42.0626773-04:00] Node path=C:\Program Files\nodejs\node.exe version=v22.16.0
[2025-08-16T01:18:42.1918978-04:00] Starting background job 'StateID-Node'...
[2025-08-16T01:18:42.3098480-04:00] Job started: Id=3 State=Running
[2025-08-16T01:18:42.8994309-04:00] healthz ok on try=0
[2025-08-16T01:18:42.8994309-04:00] Server is healthy.
[2025-08-16T01:18:42.9306598-04:00] Exiting server-run.ps1 with code 0 (worker will idle).
[2025-08-16T01:18:44.7605319-04:00] ===== server-run start =====
[2025-08-16T01:18:44.7761577-04:00] PSVersion=5.1.19041.6216 root=C:\Users\kimhy\Desktop\StateID-App
[2025-08-16T01:18:45.2932404-04:00] No conflicting listener on 8787 (or it is our own pid=3068).
[2025-08-16T01:18:45.2932404-04:00] ENV WRITE_IDS=false PORT=8787
[2025-08-16T01:18:45.3244755-04:00] Node path=C:\Program Files\nodejs\node.exe version=v22.16.0
[2025-08-16T01:18:45.4494753-04:00] Starting background job 'StateID-Node'...
[2025-08-16T01:18:45.5588554-04:00] Job started: Id=3 State=Running
[2025-08-16T01:18:46.1321862-04:00] healthz ok on try=0
[2025-08-16T01:18:46.1634740-04:00] Server is healthy.
[2025-08-16T01:18:46.1634740-04:00] Exiting server-run.ps1 with code 0 (worker will idle).
[2025-08-16T01:18:47.9969080-04:00] ===== server-run start =====
[2025-08-16T01:18:48.0069137-04:00] PSVersion=5.1.19041.6216 root=C:\Users\kimhy\Desktop\StateID-App
[2025-08-16T01:18:48.5804286-04:00] No conflicting listener on 8787 (or it is our own pid=4048).
[2025-08-16T01:18:48.5804286-04:00] ENV WRITE_IDS=false PORT=8787
[2025-08-16T01:18:48.6116763-04:00] Node path=C:\Program Files\nodejs\node.exe version=v22.16.0
[2025-08-16T01:18:48.7366761-04:00] Starting background job 'StateID-Node'...
[2025-08-16T01:18:48.8460516-04:00] Job started: Id=3 State=Running
[2025-08-16T01:18:49.4554284-04:00] healthz ok on try=0
[2025-08-16T01:18:49.4554284-04:00] Server is healthy.
[2025-08-16T01:18:49.4554284-04:00] Exiting server-run.ps1 with code 0 (worker will idle).
[2025-08-16T01:18:51.3266858-04:00] ===== server-run start =====
[2025-08-16T01:18:51.3422932-04:00] PSVersion=5.1.19041.6216 root=C:\Users\kimhy\Desktop\StateID-App
[2025-08-16T01:18:51.8283181-04:00] No conflicting listener on 8787 (or it is our own pid=5572).
[2025-08-16T01:18:51.8283181-04:00] ENV WRITE_IDS=false PORT=8787
[2025-08-16T01:18:51.8595456-04:00] Node path=C:\Program Files\nodejs\node.exe version=v22.16.0
[2025-08-16T01:18:51.9935226-04:00] Starting background job 'StateID-Node'...
[2025-08-16T01:18:52.1079098-04:00] Job started: Id=3 State=Running
[2025-08-16T01:18:52.6881187-04:00] healthz ok on try=0
[2025-08-16T01:18:52.6891039-04:00] Server is healthy.
[2025-08-16T01:18:52.7251564-04:00] Exiting server-run.ps1 with code 0 (worker will idle).
[2025-08-16T01:18:54.8625545-04:00] ===== server-run start =====
[2025-08-16T01:18:54.8781807-04:00] PSVersion=5.1.19041.6216 root=C:\Users\kimhy\Desktop\StateID-App
[2025-08-16T01:18:55.4777390-04:00] No conflicting listener on 8787 (or it is our own pid=2652).
[2025-08-16T01:18:55.4797399-04:00] ENV WRITE_IDS=false PORT=8787
[2025-08-16T01:18:55.5065263-04:00] Node path=C:\Program Files\nodejs\node.exe version=v22.16.0
[2025-08-16T01:18:55.6446074-04:00] Starting background job 'StateID-Node'...
[2025-08-16T01:18:55.7515946-04:00] Job started: Id=3 State=Running
[2025-08-16T01:18:56.3680561-04:00] healthz ok on try=0
[2025-08-16T01:18:56.3690601-04:00] Server is healthy.
[2025-08-16T01:18:56.3700747-04:00] Exiting server-run.ps1 with code 0 (worker will idle).
[2025-08-16T01:18:58.2407522-04:00] ===== server-run start =====
[2025-08-16T01:18:58.2407522-04:00] PSVersion=5.1.19041.6216 root=C:\Users\kimhy\Desktop\StateID-App
[2025-08-16T01:18:58.7516294-04:00] No conflicting listener on 8787 (or it is our own pid=3624).
[2025-08-16T01:18:58.7535921-04:00] ENV WRITE_IDS=false PORT=8787
[2025-08-16T01:18:58.7839572-04:00] Node path=C:\Program Files\nodejs\node.exe version=v22.16.0
[2025-08-16T01:18:58.9133240-04:00] Starting background job 'StateID-Node'...
[2025-08-16T01:18:59.0447576-04:00] Job started: Id=3 State=Running
[2025-08-16T01:18:59.6156227-04:00] healthz ok on try=0
[2025-08-16T01:18:59.6468774-04:00] Server is healthy.
[2025-08-16T01:18:59.6468774-04:00] Exiting server-run.ps1 with code 0 (worker will idle).
[2025-08-16T01:19:01.6913905-04:00] ===== server-run start =====
[2025-08-16T01:19:01.6913905-04:00] PSVersion=5.1.19041.6216 root=C:\Users\kimhy\Desktop\StateID-App
[2025-08-16T01:19:02.1885831-04:00] No conflicting listener on 8787 (or it is our own pid=1132).
[2025-08-16T01:19:02.1885831-04:00] ENV WRITE_IDS=false PORT=8787
[2025-08-16T01:19:02.2198006-04:00] Node path=C:\Program Files\nodejs\node.exe version=v22.16.0
[2025-08-16T01:19:02.3470183-04:00] Starting background job 'StateID-Node'...
[2025-08-16T01:19:02.4521017-04:00] Job started: Id=3 State=Running
[2025-08-16T01:19:03.0638042-04:00] healthz ok on try=0
[2025-08-16T01:19:03.0638042-04:00] Server is healthy.
[2025-08-16T01:19:03.0638042-04:00] Exiting server-run.ps1 with code 0 (worker will idle).
[2025-08-16T01:19:04.9072697-04:00] ===== server-run start =====
[2025-08-16T01:19:04.9072697-04:00] PSVersion=5.1.19041.6216 root=C:\Users\kimhy\Desktop\StateID-App
[2025-08-16T01:19:05.5197360-04:00] No conflicting listener on 8787 (or it is our own pid=6268).
[2025-08-16T01:19:05.5217382-04:00] ENV WRITE_IDS=false PORT=8787
[2025-08-16T01:19:05.5500880-04:00] Node path=C:\Program Files\nodejs\node.exe version=v22.16.0
[2025-08-16T01:19:05.6780646-04:00] Starting background job 'StateID-Node'...
[2025-08-16T01:19:05.7945921-04:00] Job started: Id=3 State=Running
[2025-08-16T01:19:06.4163669-04:00] healthz ok on try=0
[2025-08-16T01:19:06.4183666-04:00] Server is healthy.
[2025-08-16T01:19:06.4193665-04:00] Exiting server-run.ps1 with code 0 (worker will idle).
[2025-08-16T01:19:08.6326627-04:00] ===== server-run start =====
[2025-08-16T01:19:08.6436618-04:00] PSVersion=5.1.19041.6216 root=C:\Users\kimhy\Desktop\StateID-App
[2025-08-16T01:19:09.1968750-04:00] No conflicting listener on 8787 (or it is our own pid=10220).
[2025-08-16T01:19:09.1985439-04:00] ENV WRITE_IDS=false PORT=8787
[2025-08-16T01:19:09.2272165-04:00] Node path=C:\Program Files\nodejs\node.exe version=v22.16.0
[2025-08-16T01:19:09.3663390-04:00] Starting background job 'StateID-Node'...
[2025-08-16T01:19:09.4820804-04:00] Job started: Id=3 State=Running
[2025-08-16T01:19:10.1169598-04:00] healthz ok on try=0
[2025-08-16T01:19:10.1169598-04:00] Server is healthy.
[2025-08-16T01:19:10.1169598-04:00] Exiting server-run.ps1 with code 0 (worker will idle).
[2025-08-16T01:19:12.3008827-04:00] ===== server-run start =====
[2025-08-16T01:19:12.3008827-04:00] PSVersion=5.1.19041.6216 root=C:\Users\kimhy\Desktop\StateID-App
[2025-08-16T01:19:12.8679624-04:00] No conflicting listener on 8787 (or it is our own pid=6872).
[2025-08-16T01:19:12.8679624-04:00] ENV WRITE_IDS=false PORT=8787
[2025-08-16T01:19:12.9012813-04:00] Node path=C:\Program Files\nodejs\node.exe version=v22.16.0
[2025-08-16T01:19:13.0348549-04:00] Starting background job 'StateID-Node'...
[2025-08-16T01:19:13.1670520-04:00] Job started: Id=3 State=Running
[2025-08-16T01:19:13.7666823-04:00] healthz ok on try=0
[2025-08-16T01:19:13.7666823-04:00] Server is healthy.
[2025-08-16T01:19:13.7666823-04:00] Exiting server-run.ps1 with code 0 (worker will idle).
[2025-08-16T01:19:15.7422496-04:00] ===== server-run start =====
[2025-08-16T01:19:15.7529450-04:00] PSVersion=5.1.19041.6216 root=C:\Users\kimhy\Desktop\StateID-App
[2025-08-16T01:19:16.2719939-04:00] No conflicting listener on 8787 (or it is our own pid=7164).
[2025-08-16T01:19:16.2759936-04:00] ENV WRITE_IDS=false PORT=8787
[2025-08-16T01:19:16.3053434-04:00] Node path=C:\Program Files\nodejs\node.exe version=v22.16.0
[2025-08-16T01:19:16.4356290-04:00] Starting background job 'StateID-Node'...
[2025-08-16T01:19:16.5507982-04:00] Job started: Id=3 State=Running
[2025-08-16T01:19:17.1355807-04:00] healthz ok on try=0
[2025-08-16T01:19:17.1372373-04:00] Server is healthy.
[2025-08-16T01:19:17.1735504-04:00] Exiting server-run.ps1 with code 0 (worker will idle).
[2025-08-16T01:19:19.1476566-04:00] ===== server-run start =====
[2025-08-16T01:19:19.1583209-04:00] PSVersion=5.1.19041.6216 root=C:\Users\kimhy\Desktop\StateID-App
[2025-08-16T01:19:19.6812840-04:00] No conflicting listener on 8787 (or it is our own pid=8644).
[2025-08-16T01:19:19.6843087-04:00] ENV WRITE_IDS=false PORT=8787
[2025-08-16T01:19:19.7136461-04:00] Node path=C:\Program Files\nodejs\node.exe version=v22.16.0
[2025-08-16T01:19:19.8450065-04:00] Starting background job 'StateID-Node'...
[2025-08-16T01:19:19.9540873-04:00] Job started: Id=3 State=Running
[2025-08-16T01:19:20.5729612-04:00] healthz ok on try=0
[2025-08-16T01:19:20.5749774-04:00] Server is healthy.
[2025-08-16T01:19:20.5759760-04:00] Exiting server-run.ps1 with code 0 (worker will idle).
[2025-08-16T01:19:22.4714751-04:00] ===== server-run start =====
[2025-08-16T01:19:22.4821907-04:00] PSVersion=5.1.19041.6216 root=C:\Users\kimhy\Desktop\StateID-App
[2025-08-16T01:19:23.0052053-04:00] No conflicting listener on 8787 (or it is our own pid=9604).
[2025-08-16T01:19:23.0072063-04:00] ENV WRITE_IDS=false PORT=8787
[2025-08-16T01:19:23.0355631-04:00] Node path=C:\Program Files\nodejs\node.exe version=v22.16.0
[2025-08-16T01:19:23.1639384-04:00] Starting background job 'StateID-Node'...
[2025-08-16T01:19:23.2756676-04:00] Job started: Id=3 State=Running
[2025-08-16T01:19:23.8588875-04:00] healthz ok on try=0
[2025-08-16T01:19:23.8924563-04:00] Server is healthy.
[2025-08-16T01:19:23.8924563-04:00] Exiting server-run.ps1 with code 0 (worker will idle).
[2025-08-16T01:19:25.8097611-04:00] ===== server-run start =====
[2025-08-16T01:19:25.8197635-04:00] PSVersion=5.1.19041.6216 root=C:\Users\kimhy\Desktop\StateID-App
[2025-08-16T01:19:26.4160742-04:00] No conflicting listener on 8787 (or it is our own pid=9332).
[2025-08-16T01:19:26.4180757-04:00] ENV WRITE_IDS=false PORT=8787
[2025-08-16T01:19:26.4474765-04:00] Node path=C:\Program Files\nodejs\node.exe version=v22.16.0
[2025-08-16T01:19:26.5753257-04:00] Starting background job 'StateID-Node'...
[2025-08-16T01:19:26.6879681-04:00] Job started: Id=3 State=Running
[2025-08-16T01:19:27.2950985-04:00] healthz ok on try=0
[2025-08-16T01:19:27.2960983-04:00] Server is healthy.
[2025-08-16T01:19:27.2971069-04:00] Exiting server-run.ps1 with code 0 (worker will idle).
[2025-08-16T01:19:29.1807097-04:00] ===== server-run start =====
[2025-08-16T01:19:29.1907106-04:00] PSVersion=5.1.19041.6216 root=C:\Users\kimhy\Desktop\StateID-App
[2025-08-16T01:19:29.7076947-04:00] No conflicting listener on 8787 (or it is our own pid=11424).
[2025-08-16T01:19:29.7096939-04:00] ENV WRITE_IDS=false PORT=8787
[2025-08-16T01:19:29.7380432-04:00] Node path=C:\Program Files\nodejs\node.exe version=v22.16.0
[2025-08-16T01:19:29.8654250-04:00] Starting background job 'StateID-Node'...
[2025-08-16T01:19:29.9871842-04:00] Job started: Id=3 State=Running
[2025-08-16T01:19:30.5612916-04:00] healthz ok on try=0
[2025-08-16T01:19:30.5630088-04:00] Server is healthy.
[2025-08-16T01:19:30.5993663-04:00] Exiting server-run.ps1 with code 0 (worker will idle).
[2025-08-16T01:19:32.4939124-04:00] ===== server-run start =====
[2025-08-16T01:19:32.5047631-04:00] PSVersion=5.1.19041.6216 root=C:\Users\kimhy\Desktop\StateID-App
[2025-08-16T01:19:33.0205499-04:00] No conflicting listener on 8787 (or it is our own pid=3588).
[2025-08-16T01:19:33.0225510-04:00] ENV WRITE_IDS=false PORT=8787
[2025-08-16T01:19:33.0498630-04:00] Node path=C:\Program Files\nodejs\node.exe version=v22.16.0
[2025-08-16T01:19:33.1756931-04:00] Starting background job 'StateID-Node'...
[2025-08-16T01:19:33.2853762-04:00] Job started: Id=3 State=Running
[2025-08-16T01:19:33.9151601-04:00] healthz ok on try=0
[2025-08-16T01:19:33.9158032-04:00] Server is healthy.
[2025-08-16T01:19:33.9158032-04:00] Exiting server-run.ps1 with code 0 (worker will idle).
[2025-08-16T01:19:35.8504008-04:00] ===== server-run start =====
[2025-08-16T01:19:35.8504008-04:00] PSVersion=5.1.19041.6216 root=C:\Users\kimhy\Desktop\StateID-App
[2025-08-16T01:19:36.3994725-04:00] No conflicting listener on 8787 (or it is our own pid=5024).
[2025-08-16T01:19:36.4007360-04:00] ENV WRITE_IDS=false PORT=8787
[2025-08-16T01:19:36.4339643-04:00] Node path=C:\Program Files\nodejs\node.exe version=v22.16.0
[2025-08-16T01:19:36.5508284-04:00] Starting background job 'StateID-Node'...
[2025-08-16T01:19:36.6675024-04:00] Job started: Id=3 State=Running
[2025-08-16T01:19:37.2679785-04:00] healthz ok on try=0
[2025-08-16T01:19:37.3011493-04:00] Server is healthy.
[2025-08-16T01:19:37.3011493-04:00] Exiting server-run.ps1 with code 0 (worker will idle).
[2025-08-16T01:19:39.2884545-04:00] ===== server-run start =====
[2025-08-16T01:19:39.3838092-04:00] PSVersion=5.1.19041.6216 root=C:\Users\kimhy\Desktop\StateID-App
[2025-08-16T01:19:40.1076673-04:00] No conflicting listener on 8787 (or it is our own pid=12728).
[2025-08-16T01:19:40.1096659-04:00] ENV WRITE_IDS=false PORT=8787
[2025-08-16T01:19:40.1379596-04:00] Node path=C:\Program Files\nodejs\node.exe version=v22.16.0
[2025-08-16T01:19:40.2668317-04:00] Starting background job 'StateID-Node'...
[2025-08-16T01:19:40.3794528-04:00] Job started: Id=3 State=Running
[2025-08-16T01:19:41.0015374-04:00] healthz ok on try=0
[2025-08-16T01:19:41.0031899-04:00] Server is healthy.
[2025-08-16T01:19:41.0051924-04:00] Exiting server-run.ps1 with code 0 (worker will idle).
[2025-08-16T01:19:42.9509262-04:00] ===== server-run start =====
[2025-08-16T01:19:42.9625866-04:00] PSVersion=5.1.19041.6216 root=C:\Users\kimhy\Desktop\StateID-App
[2025-08-16T01:19:43.4716473-04:00] No conflicting listener on 8787 (or it is our own pid=4616).
[2025-08-16T01:19:43.4746896-04:00] ENV WRITE_IDS=false PORT=8787
[2025-08-16T01:19:43.5042545-04:00] Node path=C:\Program Files\nodejs\node.exe version=v22.16.0
[2025-08-16T01:19:43.6346419-04:00] Starting background job 'StateID-Node'...
[2025-08-16T01:19:43.7464043-04:00] Job started: Id=3 State=Running
[2025-08-16T01:19:44.3555245-04:00] healthz ok on try=0
[2025-08-16T01:19:44.3565277-04:00] Server is healthy.
[2025-08-16T01:19:44.3575275-04:00] Exiting server-run.ps1 with code 0 (worker will idle).
[2025-08-16T01:19:46.2384750-04:00] ===== server-run start =====
[2025-08-16T01:19:46.2490487-04:00] PSVersion=5.1.19041.6216 root=C:\Users\kimhy\Desktop\StateID-App
[2025-08-16T01:19:46.7720702-04:00] No conflicting listener on 8787 (or it is our own pid=5124).
[2025-08-16T01:19:46.7737551-04:00] ENV WRITE_IDS=false PORT=8787
[2025-08-16T01:19:46.8034229-04:00] Node path=C:\Program Files\nodejs\node.exe version=v22.16.0
[2025-08-16T01:19:46.9348983-04:00] Starting background job 'StateID-Node'...
[2025-08-16T01:19:47.0466141-04:00] Job started: Id=3 State=Running
[2025-08-16T01:19:47.6726844-04:00] healthz ok on try=0
[2025-08-16T01:19:47.6747517-04:00] Server is healthy.
[2025-08-16T01:19:47.6757504-04:00] Exiting server-run.ps1 with code 0 (worker will idle).
[2025-08-16T01:19:49.6321938-04:00] ===== server-run start =====
[2025-08-16T01:19:49.6437028-04:00] PSVersion=5.1.19041.6216 root=C:\Users\kimhy\Desktop\StateID-App
[2025-08-16T01:19:50.2567496-04:00] No conflicting listener on 8787 (or it is our own pid=9052).
[2025-08-16T01:19:50.2587500-04:00] ENV WRITE_IDS=false PORT=8787
[2025-08-16T01:19:50.2884490-04:00] Node path=C:\Program Files\nodejs\node.exe version=v22.16.0
[2025-08-16T01:19:50.4215402-04:00] Starting background job 'StateID-Node'...
[2025-08-16T01:19:50.5312878-04:00] Job started: Id=3 State=Running
[2025-08-16T01:19:51.1406929-04:00] healthz ok on try=0
[2025-08-16T01:19:51.1426923-04:00] Server is healthy.
[2025-08-16T01:19:51.1438735-04:00] Exiting server-run.ps1 with code 0 (worker will idle).
[2025-08-16T01:19:53.2303968-04:00] ===== server-run start =====
[2025-08-16T01:19:53.2413969-04:00] PSVersion=5.1.19041.6216 root=C:\Users\kimhy\Desktop\StateID-App
[2025-08-16T01:19:53.7815361-04:00] No conflicting listener on 8787 (or it is our own pid=8400).
[2025-08-16T01:19:53.7835279-04:00] ENV WRITE_IDS=false PORT=8787
[2025-08-16T01:19:53.8152959-04:00] Node path=C:\Program Files\nodejs\node.exe version=v22.16.0
[2025-08-16T01:19:53.9485733-04:00] Starting background job 'StateID-Node'...
[2025-08-16T01:19:54.0629814-04:00] Job started: Id=3 State=Running
[2025-08-16T01:19:54.6851142-04:00] healthz ok on try=0
[2025-08-16T01:19:54.6870907-04:00] Server is healthy.
[2025-08-16T01:19:54.6880905-04:00] Exiting server-run.ps1 with code 0 (worker will idle).
[2025-08-16T01:19:56.6388205-04:00] ===== server-run start =====
[2025-08-16T01:19:56.6500705-04:00] PSVersion=5.1.19041.6216 root=C:\Users\kimhy\Desktop\StateID-App
[2025-08-16T01:19:57.1877849-04:00] No conflicting listener on 8787 (or it is our own pid=10280).
[2025-08-16T01:19:57.1897569-04:00] ENV WRITE_IDS=false PORT=8787
[2025-08-16T01:19:57.2200937-04:00] Node path=C:\Program Files\nodejs\node.exe version=v22.16.0
[2025-08-16T01:19:57.3510866-04:00] Starting background job 'StateID-Node'...
[2025-08-16T01:19:57.4662801-04:00] Job started: Id=3 State=Running
[2025-08-16T01:19:58.0443665-04:00] healthz ok on try=0
[2025-08-16T01:19:58.0820107-04:00] Server is healthy.
[2025-08-16T01:19:58.0830124-04:00] Exiting server-run.ps1 with code 0 (worker will idle).
[2025-08-16T01:20:00.1913421-04:00] ===== server-run start =====
[2025-08-16T01:20:00.2049977-04:00] PSVersion=5.1.19041.6216 root=C:\Users\kimhy\Desktop\StateID-App
[2025-08-16T01:20:00.7481648-04:00] No conflicting listener on 8787 (or it is our own pid=340).
[2025-08-16T01:20:00.7511844-04:00] ENV WRITE_IDS=false PORT=8787
[2025-08-16T01:20:00.7806423-04:00] Node path=C:\Program Files\nodejs\node.exe version=v22.16.0
[2025-08-16T01:20:00.9143857-04:00] Starting background job 'StateID-Node'...
[2025-08-16T01:20:01.0277677-04:00] Job started: Id=3 State=Running
[2025-08-16T01:20:01.6493168-04:00] healthz ok on try=0
[2025-08-16T01:20:01.6517806-04:00] Server is healthy.
[2025-08-16T01:20:01.6527819-04:00] Exiting server-run.ps1 with code 0 (worker will idle).
[2025-08-16T01:20:03.5823324-04:00] ===== server-run start =====
[2025-08-16T01:20:03.5955029-04:00] PSVersion=5.1.19041.6216 root=C:\Users\kimhy\Desktop\StateID-App
[2025-08-16T01:20:04.1263725-04:00] No conflicting listener on 8787 (or it is our own pid=4944).
[2025-08-16T01:20:04.1283760-04:00] ENV WRITE_IDS=false PORT=8787
[2025-08-16T01:20:04.1584460-04:00] Node path=C:\Program Files\nodejs\node.exe version=v22.16.0
[2025-08-16T01:20:04.2888482-04:00] Starting background job 'StateID-Node'...
[2025-08-16T01:20:04.4034698-04:00] Job started: Id=3 State=Running
[2025-08-16T01:20:04.9939791-04:00] healthz ok on try=0
[2025-08-16T01:20:04.9949793-04:00] Server is healthy.
[2025-08-16T01:20:05.0318883-04:00] Exiting server-run.ps1 with code 0 (worker will idle).
[2025-08-16T01:20:07.0544747-04:00] ===== server-run start =====
[2025-08-16T01:20:07.0654774-04:00] PSVersion=5.1.19041.6216 root=C:\Users\kimhy\Desktop\StateID-App
[2025-08-16T01:20:07.5972323-04:00] No conflicting listener on 8787 (or it is our own pid=3148).
[2025-08-16T01:20:07.5992086-04:00] ENV WRITE_IDS=false PORT=8787
[2025-08-16T01:20:07.6277492-04:00] Node path=C:\Program Files\nodejs\node.exe version=v22.16.0
[2025-08-16T01:20:07.7599674-04:00] Starting background job 'StateID-Node'...
[2025-08-16T01:20:07.8784454-04:00] Job started: Id=3 State=Running
[2025-08-16T01:20:08.4886886-04:00] healthz ok on try=0
[2025-08-16T01:20:08.4896880-04:00] Server is healthy.
[2025-08-16T01:20:08.4906878-04:00] Exiting server-run.ps1 with code 0 (worker will idle).
[2025-08-16T01:20:10.4774847-04:00] ===== server-run start =====
[2025-08-16T01:20:10.4874446-04:00] PSVersion=5.1.19041.6216 root=C:\Users\kimhy\Desktop\StateID-App
[2025-08-16T01:20:11.0299427-04:00] No conflicting listener on 8787 (or it is our own pid=12980).
[2025-08-16T01:20:11.0319427-04:00] ENV WRITE_IDS=false PORT=8787
[2025-08-16T01:20:11.0593774-04:00] Node path=C:\Program Files\nodejs\node.exe version=v22.16.0
[2025-08-16T01:20:11.1908214-04:00] Starting background job 'StateID-Node'...
[2025-08-16T01:20:11.3036510-04:00] Job started: Id=3 State=Running
[2025-08-16T01:20:11.8906160-04:00] healthz ok on try=0
[2025-08-16T01:20:11.9239460-04:00] Server is healthy.
[2025-08-16T01:20:11.9239460-04:00] Exiting server-run.ps1 with code 0 (worker will idle).
[2025-08-16T01:20:13.8834157-04:00] ===== server-run start =====
[2025-08-16T01:20:13.8940990-04:00] PSVersion=5.1.19041.6216 root=C:\Users\kimhy\Desktop\StateID-App
[2025-08-16T01:20:14.4005071-04:00] No conflicting listener on 8787 (or it is our own pid=2264).
[2025-08-16T01:20:14.4024841-04:00] ENV WRITE_IDS=false PORT=8787
[2025-08-16T01:20:14.4306332-04:00] Node path=C:\Program Files\nodejs\node.exe version=v22.16.0
[2025-08-16T01:20:14.5575687-04:00] Starting background job 'StateID-Node'...
[2025-08-16T01:20:14.6671361-04:00] Job started: Id=3 State=Running
[2025-08-16T01:20:15.2745563-04:00] healthz ok on try=0
[2025-08-16T01:20:15.2761939-04:00] Server is healthy.
[2025-08-16T01:20:15.2771954-04:00] Exiting server-run.ps1 with code 0 (worker will idle).
[2025-08-16T01:20:17.1281991-04:00] ===== server-run start =====
[2025-08-16T01:20:17.1387598-04:00] PSVersion=5.1.19041.6216 root=C:\Users\kimhy\Desktop\StateID-App
[2025-08-16T01:20:17.6566728-04:00] No conflicting listener on 8787 (or it is our own pid=8300).
[2025-08-16T01:20:17.6586725-04:00] ENV WRITE_IDS=false PORT=8787
[2025-08-16T01:20:17.6899036-04:00] Node path=C:\Program Files\nodejs\node.exe version=v22.16.0
[2025-08-16T01:20:17.8222393-04:00] Starting background job 'StateID-Node'...
[2025-08-16T01:20:17.9350066-04:00] Job started: Id=3 State=Running
[2025-08-16T01:20:18.5118218-04:00] healthz ok on try=0
[2025-08-16T01:20:18.5480795-04:00] Server is healthy.
[2025-08-16T01:20:18.5500938-04:00] Exiting server-run.ps1 with code 0 (worker will idle).
[2025-08-16T01:20:20.4298397-04:00] ===== server-run start =====
[2025-08-16T01:20:20.4398653-04:00] PSVersion=5.1.19041.6216 root=C:\Users\kimhy\Desktop\StateID-App
[2025-08-16T01:20:20.9586693-04:00] No conflicting listener on 8787 (or it is our own pid=4136).
[2025-08-16T01:20:20.9606715-04:00] ENV WRITE_IDS=false PORT=8787
[2025-08-16T01:20:20.9890646-04:00] Node path=C:\Program Files\nodejs\node.exe version=v22.16.0
[2025-08-16T01:20:21.1185265-04:00] Starting background job 'StateID-Node'...
[2025-08-16T01:20:21.2295101-04:00] Job started: Id=3 State=Running
[2025-08-16T01:20:21.8123050-04:00] healthz ok on try=0
[2025-08-16T01:20:21.8493602-04:00] Server is healthy.
[2025-08-16T01:20:21.8513351-04:00] Exiting server-run.ps1 with code 0 (worker will idle).
[2025-08-16T01:20:23.7096669-04:00] ===== server-run start =====
[2025-08-16T01:20:23.7203194-04:00] PSVersion=5.1.19041.6216 root=C:\Users\kimhy\Desktop\StateID-App
[2025-08-16T01:20:24.2412753-04:00] No conflicting listener on 8787 (or it is our own pid=8816).
[2025-08-16T01:20:24.2432751-04:00] ENV WRITE_IDS=false PORT=8787
[2025-08-16T01:20:24.2735947-04:00] Node path=C:\Program Files\nodejs\node.exe version=v22.16.0
[2025-08-16T01:20:24.4050475-04:00] Starting background job 'StateID-Node'...
[2025-08-16T01:20:24.5187583-04:00] Job started: Id=3 State=Running
[2025-08-16T01:20:25.1328077-04:00] healthz ok on try=0
[2025-08-16T01:20:25.1338120-04:00] Server is healthy.
[2025-08-16T01:20:25.1348127-04:00] Exiting server-run.ps1 with code 0 (worker will idle).
[2025-08-16T01:20:27.0224716-04:00] ===== server-run start =====
[2025-08-16T01:20:27.0324490-04:00] PSVersion=5.1.19041.6216 root=C:\Users\kimhy\Desktop\StateID-App
[2025-08-16T01:20:27.5521412-04:00] No conflicting listener on 8787 (or it is our own pid=12436).
[2025-08-16T01:20:27.5551263-04:00] ENV WRITE_IDS=false PORT=8787
[2025-08-16T01:20:27.5845620-04:00] Node path=C:\Program Files\nodejs\node.exe version=v22.16.0
[2025-08-16T01:20:27.7132293-04:00] Starting background job 'StateID-Node'...
[2025-08-16T01:20:28.0320832-04:00] Job started: Id=3 State=Running
[2025-08-16T01:20:28.6528523-04:00] healthz ok on try=0
[2025-08-16T01:20:28.6548510-04:00] Server is healthy.
[2025-08-16T01:20:28.6558626-04:00] Exiting server-run.ps1 with code 0 (worker will idle).
[2025-08-16T01:20:30.5868357-04:00] ===== server-run start =====
[2025-08-16T01:20:30.5978393-04:00] PSVersion=5.1.19041.6216 root=C:\Users\kimhy\Desktop\StateID-App
[2025-08-16T01:20:31.1311723-04:00] No conflicting listener on 8787 (or it is our own pid=6848).
[2025-08-16T01:20:31.1331495-04:00] ENV WRITE_IDS=false PORT=8787
[2025-08-16T01:20:31.1626654-04:00] Node path=C:\Program Files\nodejs\node.exe version=v22.16.0
[2025-08-16T01:20:31.2910451-04:00] Starting background job 'StateID-Node'...
[2025-08-16T01:20:31.4056896-04:00] Job started: Id=3 State=Running
[2025-08-16T01:20:32.0248021-04:00] healthz ok on try=0
[2025-08-16T01:20:32.0258024-04:00] Server is healthy.
[2025-08-16T01:20:32.0268014-04:00] Exiting server-run.ps1 with code 0 (worker will idle).
[2025-08-16T01:20:33.9220446-04:00] ===== server-run start =====
[2025-08-16T01:20:33.9330458-04:00] PSVersion=5.1.19041.6216 root=C:\Users\kimhy\Desktop\StateID-App
[2025-08-16T01:20:34.4470935-04:00] No conflicting listener on 8787 (or it is our own pid=7940).
[2025-08-16T01:20:34.4490939-04:00] ENV WRITE_IDS=false PORT=8787
[2025-08-16T01:20:34.4784000-04:00] Node path=C:\Program Files\nodejs\node.exe version=v22.16.0
[2025-08-16T01:20:34.6089392-04:00] Starting background job 'StateID-Node'...
[2025-08-16T01:20:34.7245809-04:00] Job started: Id=3 State=Running
[2025-08-16T01:20:35.3370352-04:00] healthz ok on try=0
[2025-08-16T01:20:35.3390377-04:00] Server is healthy.
[2025-08-16T01:20:35.3397815-04:00] Exiting server-run.ps1 with code 0 (worker will idle).
[2025-08-16T01:20:37.1815812-04:00] ===== server-run start =====
[2025-08-16T01:20:37.1919382-04:00] PSVersion=5.1.19041.6216 root=C:\Users\kimhy\Desktop\StateID-App
[2025-08-16T01:20:37.7109627-04:00] No conflicting listener on 8787 (or it is our own pid=2276).
[2025-08-16T01:20:37.7129629-04:00] ENV WRITE_IDS=false PORT=8787
[2025-08-16T01:20:37.7413489-04:00] Node path=C:\Program Files\nodejs\node.exe version=v22.16.0
[2025-08-16T01:20:37.8691624-04:00] Starting background job 'StateID-Node'...
[2025-08-16T01:20:37.9838008-04:00] Job started: Id=3 State=Running
[2025-08-16T01:20:38.5958619-04:00] healthz ok on try=0
[2025-08-16T01:20:38.5968447-04:00] Server is healthy.
[2025-08-16T01:20:38.5978628-04:00] Exiting server-run.ps1 with code 0 (worker will idle).
[2025-08-16T01:20:40.5295269-04:00] ===== server-run start =====
[2025-08-16T01:20:40.5405293-04:00] PSVersion=5.1.19041.6216 root=C:\Users\kimhy\Desktop\StateID-App
[2025-08-16T01:20:41.1309480-04:00] No conflicting listener on 8787 (or it is our own pid=4596).
[2025-08-16T01:20:41.1329482-04:00] ENV WRITE_IDS=false PORT=8787
[2025-08-16T01:20:41.1602166-04:00] Node path=C:\Program Files\nodejs\node.exe version=v22.16.0
[2025-08-16T01:20:41.2891737-04:00] Starting background job 'StateID-Node'...
[2025-08-16T01:20:41.4017250-04:00] Job started: Id=3 State=Running
[2025-08-16T01:20:42.0108666-04:00] healthz ok on try=0
[2025-08-16T01:20:42.0118673-04:00] Server is healthy.
[2025-08-16T01:20:42.0128693-04:00] Exiting server-run.ps1 with code 0 (worker will idle).
[2025-08-16T01:20:43.9023872-04:00] ===== server-run start =====
[2025-08-16T01:20:43.9140887-04:00] PSVersion=5.1.19041.6216 root=C:\Users\kimhy\Desktop\StateID-App
[2025-08-16T01:20:44.4518686-04:00] No conflicting listener on 8787 (or it is our own pid=1620).
[2025-08-16T01:20:44.4548445-04:00] ENV WRITE_IDS=false PORT=8787
[2025-08-16T01:20:44.5164599-04:00] Node path=C:\Program Files\nodejs\node.exe version=v22.16.0
[2025-08-16T01:20:44.8540138-04:00] Starting background job 'StateID-Node'...
[2025-08-16T01:20:44.9697688-04:00] Job started: Id=3 State=Running
[2025-08-16T01:20:45.5828650-04:00] healthz ok on try=0
[2025-08-16T01:20:45.5838653-04:00] Server is healthy.
[2025-08-16T01:20:45.5848644-04:00] Exiting server-run.ps1 with code 0 (worker will idle).
[2025-08-16T01:20:47.6622843-04:00] ===== server-run start =====
[2025-08-16T01:20:47.6779092-04:00] PSVersion=5.1.19041.6216 root=C:\Users\kimhy\Desktop\StateID-App
[2025-08-16T01:20:48.2115223-04:00] No conflicting listener on 8787 (or it is our own pid=12308).
[2025-08-16T01:20:48.2271469-04:00] ENV WRITE_IDS=false PORT=8787
[2025-08-16T01:20:48.2583964-04:00] Node path=C:\Program Files\nodejs\node.exe version=v22.16.0
[2025-08-16T01:20:48.3860881-04:00] Starting background job 'StateID-Node'...
[2025-08-16T01:20:48.5093163-04:00] Job started: Id=3 State=Running
[2025-08-16T01:20:49.1230773-04:00] healthz ok on try=0
[2025-08-16T01:20:49.1230773-04:00] Server is healthy.
[2025-08-16T01:20:49.1230773-04:00] Exiting server-run.ps1 with code 0 (worker will idle).
[2025-08-16T01:20:51.0484601-04:00] ===== server-run start =====
[2025-08-16T01:20:51.0584550-04:00] PSVersion=5.1.19041.6216 root=C:\Users\kimhy\Desktop\StateID-App
[2025-08-16T01:20:51.6162778-04:00] No conflicting listener on 8787 (or it is our own pid=2392).
[2025-08-16T01:20:51.6189613-04:00] ENV WRITE_IDS=false PORT=8787
[2025-08-16T01:20:51.6494287-04:00] Node path=C:\Program Files\nodejs\node.exe version=v22.16.0
[2025-08-16T01:20:51.7893249-04:00] Starting background job 'StateID-Node'...
[2025-08-16T01:20:51.9122277-04:00] Job started: Id=3 State=Running
[2025-08-16T01:20:52.4956078-04:00] healthz ok on try=0
[2025-08-16T01:20:52.4967262-04:00] Server is healthy.
[2025-08-16T01:20:52.5373897-04:00] Exiting server-run.ps1 with code 0 (worker will idle).
[2025-08-16T01:20:54.5656519-04:00] ===== server-run start =====
[2025-08-16T01:20:54.5696785-04:00] PSVersion=5.1.19041.6216 root=C:\Users\kimhy\Desktop\StateID-App
[2025-08-16T01:20:55.3110270-04:00] No conflicting listener on 8787 (or it is our own pid=9540).
[2025-08-16T01:20:55.3133387-04:00] ENV WRITE_IDS=false PORT=8787
[2025-08-16T01:20:55.3363347-04:00] Node path=C:\Program Files\nodejs\node.exe version=v22.16.0
[2025-08-16T01:20:55.4704657-04:00] Starting background job 'StateID-Node'...
[2025-08-16T01:20:55.5925337-04:00] Job started: Id=3 State=Running
[2025-08-16T01:20:56.3270518-04:00] healthz ok on try=0
[2025-08-16T01:20:56.3270518-04:00] Server is healthy.
[2025-08-16T01:20:56.3270518-04:00] Exiting server-run.ps1 with code 0 (worker will idle).
[2025-08-16T01:20:58.2374994-04:00] ===== server-run start =====
[2025-08-16T01:20:58.2531030-04:00] PSVersion=5.1.19041.6216 root=C:\Users\kimhy\Desktop\StateID-App
[2025-08-16T01:20:58.7510460-04:00] No conflicting listener on 8787 (or it is our own pid=10096).
[2025-08-16T01:20:58.7510460-04:00] ENV WRITE_IDS=false PORT=8787
[2025-08-16T01:20:58.7822970-04:00] Node path=C:\Program Files\nodejs\node.exe version=v22.16.0
[2025-08-16T01:20:58.9073189-04:00] Starting background job 'StateID-Node'...
[2025-08-16T01:20:59.0166733-04:00] Job started: Id=3 State=Running
[2025-08-16T01:20:59.5791729-04:00] healthz ok on try=0
[2025-08-16T01:20:59.5791729-04:00] Server is healthy.
[2025-08-16T01:20:59.5791729-04:00] Exiting server-run.ps1 with code 0 (worker will idle).
[2025-08-16T01:21:01.4245783-04:00] ===== server-run start =====
[2025-08-16T01:21:01.4245783-04:00] PSVersion=5.1.19041.6216 root=C:\Users\kimhy\Desktop\StateID-App
[2025-08-16T01:21:01.9245774-04:00] No conflicting listener on 8787 (or it is our own pid=3496).
[2025-08-16T01:21:01.9245774-04:00] ENV WRITE_IDS=false PORT=8787
[2025-08-16T01:21:01.9558279-04:00] Node path=C:\Program Files\nodejs\node.exe version=v22.16.0
[2025-08-16T01:21:02.0732379-04:00] Starting background job 'StateID-Node'...
[2025-08-16T01:21:02.1712058-04:00] Job started: Id=3 State=Running
[2025-08-16T01:21:02.7839753-04:00] healthz ok on try=0
[2025-08-16T01:21:02.7839753-04:00] Server is healthy.
[2025-08-16T01:21:02.7839753-04:00] Exiting server-run.ps1 with code 0 (worker will idle).
[2025-08-16T01:21:04.5820951-04:00] ===== server-run start =====
[2025-08-16T01:21:04.5820951-04:00] PSVersion=5.1.19041.6216 root=C:\Users\kimhy\Desktop\StateID-App
[2025-08-16T01:21:05.1431848-04:00] No conflicting listener on 8787 (or it is our own pid=12524).
[2025-08-16T01:21:05.1453953-04:00] ENV WRITE_IDS=false PORT=8787
[2025-08-16T01:21:05.1746262-04:00] Node path=C:\Program Files\nodejs\node.exe version=v22.16.0
[2025-08-16T01:21:05.3034799-04:00] Starting background job 'StateID-Node'...
[2025-08-16T01:21:05.3972294-04:00] Job started: Id=3 State=Running
[2025-08-16T01:21:06.0103471-04:00] healthz ok on try=0
[2025-08-16T01:21:06.0111397-04:00] Server is healthy.
[2025-08-16T01:21:06.0487645-04:00] Exiting server-run.ps1 with code 0 (worker will idle).
[2025-08-16T01:21:07.7626725-04:00] ===== server-run start =====
[2025-08-16T01:21:07.7626725-04:00] PSVersion=5.1.19041.6216 root=C:\Users\kimhy\Desktop\StateID-App
[2025-08-16T01:21:08.3344112-04:00] No conflicting listener on 8787 (or it is our own pid=13108).
[2025-08-16T01:21:08.3364343-04:00] ENV WRITE_IDS=false PORT=8787
[2025-08-16T01:21:08.3617857-04:00] Node path=C:\Program Files\nodejs\node.exe version=v22.16.0
[2025-08-16T01:21:08.4764231-04:00] Starting background job 'StateID-Node'...
[2025-08-16T01:21:08.6014043-04:00] Job started: Id=3 State=Running
[2025-08-16T01:21:09.1650047-04:00] healthz ok on try=0
[2025-08-16T01:21:09.1650047-04:00] Server is healthy.
[2025-08-16T01:21:09.1962558-04:00] Exiting server-run.ps1 with code 0 (worker will idle).
[2025-08-16T01:21:11.0058237-04:00] ===== server-run start =====
[2025-08-16T01:21:11.0214295-04:00] PSVersion=5.1.19041.6216 root=C:\Users\kimhy\Desktop\StateID-App
[2025-08-16T01:21:11.5058005-04:00] No conflicting listener on 8787 (or it is our own pid=7528).
[2025-08-16T01:21:11.5058005-04:00] ENV WRITE_IDS=false PORT=8787
[2025-08-16T01:21:11.5371015-04:00] Node path=C:\Program Files\nodejs\node.exe version=v22.16.0
[2025-08-16T01:21:11.6776801-04:00] Starting background job 'StateID-Node'...
[2025-08-16T01:21:11.7999228-04:00] Job started: Id=3 State=Running
[2025-08-16T01:21:14.3818253-04:00] healthz try=0 failed: The operation has timed out.
[2025-08-16T01:21:16.9030059-04:00] healthz try=1 failed: The operation has timed out.
[2025-08-16T01:21:19.4225026-04:00] healthz try=2 failed: The operation has timed out.
[2025-08-16T01:21:21.9399075-04:00] healthz try=3 failed: The operation has timed out.
[2025-08-16T01:21:24.4565000-04:00] healthz try=4 failed: The operation has timed out.
[2025-08-16T01:21:26.9609966-04:00] healthz try=5 failed: The operation has timed out.
[2025-08-16T01:21:29.4997414-04:00] healthz try=6 failed: The operation has timed out.
[2025-08-16T01:21:32.0135246-04:00] healthz try=7 failed: The operation has timed out.
[2025-08-16T01:21:34.5169305-04:00] healthz try=8 failed: The operation has timed out.
[2025-08-16T01:21:37.0310278-04:00] healthz try=9 failed: The operation has timed out.
[2025-08-16T01:21:39.5460403-04:00] healthz try=10 failed: The operation has timed out.
[2025-08-16T01:21:42.0521804-04:00] healthz try=11 failed: The operation has timed out.
[2025-08-16T01:21:44.5673560-04:00] healthz try=12 failed: The operation has timed out.
[2025-08-16T01:21:47.0723123-04:00] healthz try=13 failed: The operation has timed out.
[2025-08-16T01:21:49.6000561-04:00] healthz try=14 failed: The operation has timed out.
[2025-08-16T01:21:52.1068001-04:00] healthz try=15 failed: The operation has timed out.
[2025-08-16T01:21:54.6203367-04:00] healthz try=16 failed: The operation has timed out.
[2025-08-16T01:21:57.1438842-04:00] healthz try=17 failed: The operation has timed out.
[2025-08-16T01:21:59.6615825-04:00] healthz try=18 failed: The operation has timed out.
[2025-08-16T01:22:02.1811115-04:00] healthz try=19 failed: The operation has timed out.
[2025-08-16T01:22:02.1811115-04:00] Server did not become healthy within timeout. See C:\Users\kimhy\Desktop\StateID-App\ops\outbox\server-node.log for details.
[2025-08-16T01:22:02.1811115-04:00] Exiting server-run.ps1 with code 0 (worker will idle).
[2025-08-16T01:22:02.7523262-04:00] ===== server-run start =====
[2025-08-16T01:22:02.7679526-04:00] PSVersion=5.1.19041.6216 root=C:\Users\kimhy\Desktop\StateID-App
[2025-08-16T01:22:03.2986853-04:00] No conflicting listener on 8787 (or it is our own pid=8048).
[2025-08-16T01:22:03.2986853-04:00] ENV WRITE_IDS=false PORT=8787
[2025-08-16T01:22:03.3299413-04:00] Node path=C:\Program Files\nodejs\node.exe version=v22.16.0
[2025-08-16T01:22:03.4549679-04:00] Starting background job 'StateID-Node'...
[2025-08-16T01:22:03.5486880-04:00] Job started: Id=3 State=Running
[2025-08-16T01:22:06.1291121-04:00] healthz try=0 failed: The operation has timed out.
[2025-08-16T01:22:08.6535173-04:00] healthz try=1 failed: The operation has timed out.
[2025-08-16T01:22:11.1715853-04:00] healthz try=2 failed: The operation has timed out.
[2025-08-16T01:22:13.6891727-04:00] healthz try=3 failed: The operation has timed out.
[2025-08-16T01:22:16.1958829-04:00] healthz try=4 failed: The operation has timed out.
[2025-08-16T01:22:18.6974254-04:00] healthz try=5 failed: The operation has timed out.
[2025-08-16T01:22:21.2102566-04:00] healthz try=6 failed: The operation has timed out.
[2025-08-16T01:22:23.7135660-04:00] healthz try=7 failed: The operation has timed out.
[2025-08-16T01:22:26.2299814-04:00] healthz try=8 failed: The operation has timed out.
[2025-08-16T01:22:28.7486749-04:00] healthz try=9 failed: The operation has timed out.
[2025-08-16T01:22:31.2507186-04:00] healthz try=10 failed: The operation has timed out.
[2025-08-16T01:22:33.7675900-04:00] healthz try=11 failed: The operation has timed out.
[2025-08-16T01:22:36.3046036-04:00] healthz try=12 failed: The operation has timed out.
[2025-08-16T01:22:38.8060965-04:00] healthz try=13 failed: The operation has timed out.
[2025-08-16T01:22:41.3079746-04:00] healthz try=14 failed: The operation has timed out.
[2025-08-16T01:22:43.8265065-04:00] healthz try=15 failed: The operation has timed out.
[2025-08-16T01:22:46.3482090-04:00] healthz try=16 failed: The operation has timed out.
[2025-08-16T01:22:48.8661940-04:00] healthz try=17 failed: The operation has timed out.
[2025-08-16T01:22:51.3859015-04:00] healthz try=18 failed: The operation has timed out.
[2025-08-16T01:22:53.8977211-04:00] healthz try=19 failed: The operation has timed out.
[2025-08-16T01:22:53.8992255-04:00] Server did not become healthy within timeout. See C:\Users\kimhy\Desktop\StateID-App\ops\outbox\server-node.log for details.
[2025-08-16T01:22:53.9003530-04:00] Exiting server-run.ps1 with code 0 (worker will idle).
[2025-08-16T01:22:54.4850263-04:00] ===== server-run start =====
[2025-08-16T01:22:54.4960256-04:00] PSVersion=5.1.19041.6216 root=C:\Users\kimhy\Desktop\StateID-App
[2025-08-16T01:22:55.0167147-04:00] No conflicting listener on 8787 (or it is our own pid=11920).
[2025-08-16T01:22:55.0187157-04:00] ENV WRITE_IDS=false PORT=8787
[2025-08-16T01:22:55.0473209-04:00] Node path=C:\Program Files\nodejs\node.exe version=v22.16.0
[2025-08-16T01:22:55.1757492-04:00] Starting background job 'StateID-Node'...
[2025-08-16T01:22:55.2905153-04:00] Job started: Id=3 State=Running
[2025-08-16T01:22:57.8402222-04:00] healthz try=0 failed: The operation has timed out.
[2025-08-16T01:23:00.3522116-04:00] healthz try=1 failed: The operation has timed out.
[2025-08-16T01:23:02.8702875-04:00] healthz try=2 failed: The operation has timed out.
[2025-08-16T01:23:05.3915489-04:00] healthz try=3 failed: The operation has timed out.
[2025-08-16T01:23:07.9081848-04:00] healthz try=4 failed: The operation has timed out.
[2025-08-16T01:23:10.4270560-04:00] healthz try=5 failed: The operation has timed out.
[2025-08-16T01:23:12.9803405-04:00] healthz try=6 failed: The operation has timed out.
[2025-08-16T01:23:15.4965861-04:00] healthz try=7 failed: The operation has timed out.
[2025-08-16T01:23:18.0089430-04:00] healthz try=8 failed: The operation has timed out.
[2025-08-16T01:23:20.5148990-04:00] healthz try=9 failed: The operation has timed out.
[2025-08-16T01:23:23.0354966-04:00] healthz try=10 failed: The operation has timed out.
[2025-08-16T01:23:25.5532926-04:00] healthz try=11 failed: The operation has timed out.
[2025-08-16T01:23:28.0709760-04:00] healthz try=12 failed: The operation has timed out.
[2025-08-16T01:23:30.5850579-04:00] healthz try=13 failed: The operation has timed out.
[2025-08-16T01:23:33.0897805-04:00] healthz try=14 failed: The operation has timed out.
[2025-08-16T01:23:35.5950494-04:00] healthz try=15 failed: The operation has timed out.
[2025-08-16T01:23:38.1131845-04:00] healthz try=16 failed: The operation has timed out.
[2025-08-16T01:23:40.6301110-04:00] healthz try=17 failed: The operation has timed out.
[2025-08-16T01:23:43.1484165-04:00] healthz try=18 failed: The operation has timed out.
[2025-08-16T01:23:45.6673202-04:00] healthz try=19 failed: The operation has timed out.
[2025-08-16T01:23:45.6683225-04:00] Server did not become healthy within timeout. See C:\Users\kimhy\Desktop\StateID-App\ops\outbox\server-node.log for details.
[2025-08-16T01:23:45.6694406-04:00] Exiting server-run.ps1 with code 0 (worker will idle).
[2025-08-16T01:23:46.2783773-04:00] ===== server-run start =====
[2025-08-16T01:23:46.2893764-04:00] PSVersion=5.1.19041.6216 root=C:\Users\kimhy\Desktop\StateID-App
[2025-08-16T01:23:46.9143624-04:00] No conflicting listener on 8787 (or it is our own pid=1036).
[2025-08-16T01:23:46.9164542-04:00] ENV WRITE_IDS=false PORT=8787
[2025-08-16T01:23:46.9448320-04:00] Node path=C:\Program Files\nodejs\node.exe version=v22.16.0
[2025-08-16T01:23:47.0752874-04:00] Starting background job 'StateID-Node'...
[2025-08-16T01:23:47.1913942-04:00] Job started: Id=3 State=Running
[2025-08-16T01:23:49.7386218-04:00] healthz try=0 failed: The operation has timed out.
[2025-08-16T01:23:52.2545622-04:00] healthz try=1 failed: The operation has timed out.
[2025-08-16T01:23:54.7579668-04:00] healthz try=2 failed: The operation has timed out.
[2025-08-16T01:23:57.2736554-04:00] healthz try=3 failed: The operation has timed out.
[2025-08-16T01:23:59.8015042-04:00] healthz try=4 failed: The operation has timed out.
[2025-08-16T01:24:02.3113155-04:00] healthz try=5 failed: The operation has timed out.
[2025-08-16T01:24:04.8145697-04:00] healthz try=6 failed: The operation has timed out.
[2025-08-16T01:24:07.3370466-04:00] healthz try=7 failed: The operation has timed out.
[2025-08-16T01:24:09.8561224-04:00] healthz try=8 failed: The operation has timed out.
[2025-08-16T01:24:12.3686618-04:00] healthz try=9 failed: The operation has timed out.
[2025-08-16T01:24:14.8815851-04:00] healthz try=10 failed: The operation has timed out.
[2025-08-16T01:24:17.4028792-04:00] healthz try=11 failed: The operation has timed out.
[2025-08-16T01:24:19.9206738-04:00] healthz try=12 failed: The operation has timed out.
[2025-08-16T01:24:22.4255981-04:00] healthz try=13 failed: The operation has timed out.
[2025-08-16T01:24:24.9620978-04:00] healthz try=14 failed: The operation has timed out.
[2025-08-16T01:24:27.4766331-04:00] healthz try=15 failed: The operation has timed out.
[2025-08-16T01:24:29.9803732-04:00] healthz try=16 failed: The operation has timed out.
[2025-08-16T01:24:32.5107059-04:00] healthz try=17 failed: The operation has timed out.
[2025-08-16T01:24:35.0173766-04:00] healthz try=18 failed: The operation has timed out.
[2025-08-16T01:24:37.5300755-04:00] healthz try=19 failed: The operation has timed out.
[2025-08-16T01:24:37.5300755-04:00] Server did not become healthy within timeout. See C:\Users\kimhy\Desktop\StateID-App\ops\outbox\server-node.log for details.
[2025-08-16T01:24:37.5300755-04:00] Exiting server-run.ps1 with code 0 (worker will idle).
[2025-08-16T01:24:38.1178540-04:00] ===== server-run start =====
[2025-08-16T01:24:38.1191889-04:00] PSVersion=5.1.19041.6216 root=C:\Users\kimhy\Desktop\StateID-App
[2025-08-16T01:24:38.6224650-04:00] No conflicting listener on 8787 (or it is our own pid=3412).
[2025-08-16T01:24:38.6224650-04:00] ENV WRITE_IDS=false PORT=8787
[2025-08-16T01:24:38.6537005-04:00] Node path=C:\Program Files\nodejs\node.exe version=v22.16.0
[2025-08-16T01:24:38.7630622-04:00] Starting background job 'StateID-Node'...
[2025-08-16T01:24:38.8738602-04:00] Job started: Id=3 State=Running
[2025-08-16T01:24:41.4217992-04:00] healthz try=0 failed: The operation has timed out.
[2025-08-16T01:24:43.9445433-04:00] healthz try=1 failed: The operation has timed out.
[2025-08-16T01:24:46.4571879-04:00] healthz try=2 failed: The operation has timed out.
[2025-08-16T01:24:48.9759460-04:00] healthz try=3 failed: The operation has timed out.
[2025-08-16T01:24:51.5058961-04:00] healthz try=4 failed: The operation has timed out.
[2025-08-16T01:24:54.0624622-04:00] healthz try=5 failed: The operation has timed out.
[2025-08-16T01:24:56.5829267-04:00] healthz try=6 failed: The operation has timed out.
[2025-08-16T01:24:59.1794757-04:00] healthz try=7 failed: The operation has timed out.
[2025-08-16T01:25:01.6868294-04:00] healthz try=8 failed: The operation has timed out.
[2025-08-16T01:25:04.1903086-04:00] healthz try=9 failed: The operation has timed out.
[2025-08-16T01:25:06.6963444-04:00] healthz try=10 failed: The operation has timed out.
[2025-08-16T01:25:09.2072415-04:00] healthz try=11 failed: The operation has timed out.
[2025-08-16T01:25:11.7097836-04:00] healthz try=12 failed: The operation has timed out.
[2025-08-16T01:25:14.2297048-04:00] healthz try=13 failed: The operation has timed out.
[2025-08-16T01:25:16.7500347-04:00] healthz try=14 failed: The operation has timed out.
[2025-08-16T01:25:19.2637793-04:00] healthz try=15 failed: The operation has timed out.
[2025-08-16T01:25:21.7818291-04:00] healthz try=16 failed: The operation has timed out.
[2025-08-16T01:25:24.3000709-04:00] healthz try=17 failed: The operation has timed out.
[2025-08-16T01:25:26.8178259-04:00] healthz try=18 failed: The operation has timed out.
[2025-08-16T01:25:29.3364432-04:00] healthz try=19 failed: The operation has timed out.
[2025-08-16T01:25:29.3378726-04:00] Server did not become healthy within timeout. See C:\Users\kimhy\Desktop\StateID-App\ops\outbox\server-node.log for details.
[2025-08-16T01:25:29.3388939-04:00] Exiting server-run.ps1 with code 0 (worker will idle).
[2025-08-16T01:25:29.9482428-04:00] ===== server-run start =====
[2025-08-16T01:25:29.9589018-04:00] PSVersion=5.1.19041.6216 root=C:\Users\kimhy\Desktop\StateID-App
[2025-08-16T01:25:30.5123267-04:00] No conflicting listener on 8787 (or it is our own pid=8416).
[2025-08-16T01:25:30.5143499-04:00] ENV WRITE_IDS=false PORT=8787
[2025-08-16T01:25:30.5436499-04:00] Node path=C:\Program Files\nodejs\node.exe version=v22.16.0
[2025-08-16T01:25:30.6730811-04:00] Starting background job 'StateID-Node'...
[2025-08-16T01:25:30.7851344-04:00] Job started: Id=3 State=Running
[2025-08-16T01:25:33.3465006-04:00] healthz try=0 failed: The operation has timed out.
[2025-08-16T01:25:35.9079028-04:00] healthz try=1 failed: The operation has timed out.
[2025-08-16T01:25:38.4265651-04:00] healthz try=2 failed: The operation has timed out.
[2025-08-16T01:25:40.9457466-04:00] healthz try=3 failed: The operation has timed out.
[2025-08-16T01:25:43.4634585-04:00] healthz try=4 failed: The operation has timed out.
[2025-08-16T01:25:45.9650814-04:00] healthz try=5 failed: The operation has timed out.
[2025-08-16T01:25:48.4665872-04:00] healthz try=6 failed: The operation has timed out.
[2025-08-16T01:25:50.9850060-04:00] healthz try=7 failed: The operation has timed out.
[2025-08-16T01:25:53.4867139-04:00] healthz try=8 failed: The operation has timed out.
[2025-08-16T01:25:55.9880404-04:00] healthz try=9 failed: The operation has timed out.
[2025-08-16T01:25:58.4909773-04:00] healthz try=10 failed: The operation has timed out.
[2025-08-16T01:26:01.0064939-04:00] healthz try=11 failed: The operation has timed out.
[2025-08-16T01:26:03.5398399-04:00] healthz try=12 failed: The operation has timed out.
[2025-08-16T01:26:06.0624250-04:00] healthz try=13 failed: The operation has timed out.
[2025-08-16T01:26:08.5883167-04:00] healthz try=14 failed: The operation has timed out.
[2025-08-16T01:26:11.1102057-04:00] healthz try=15 failed: The operation has timed out.
[2025-08-16T01:26:13.6176492-04:00] healthz try=16 failed: The operation has timed out.
[2025-08-16T01:26:16.1483450-04:00] healthz try=17 failed: The operation has timed out.
[2025-08-16T01:26:18.6552460-04:00] healthz try=18 failed: The operation has timed out.
[2025-08-16T01:26:21.1709588-04:00] healthz try=19 failed: The operation has timed out.
[2025-08-16T01:26:21.1726025-04:00] Server did not become healthy within timeout. See C:\Users\kimhy\Desktop\StateID-App\ops\outbox\server-node.log for details.
[2025-08-16T01:26:21.1736023-04:00] Exiting server-run.ps1 with code 0 (worker will idle).
[2025-08-16T01:26:21.7950742-04:00] ===== server-run start =====
[2025-08-16T01:26:21.8053526-04:00] PSVersion=5.1.19041.6216 root=C:\Users\kimhy\Desktop\StateID-App
[2025-08-16T01:26:22.3317421-04:00] No conflicting listener on 8787 (or it is our own pid=2480).
[2025-08-16T01:26:22.3337431-04:00] ENV WRITE_IDS=false PORT=8787
[2025-08-16T01:26:22.3636670-04:00] Node path=C:\Program Files\nodejs\node.exe version=v22.16.0
[2025-08-16T01:26:22.4987420-04:00] Starting background job 'StateID-Node'...
[2025-08-16T01:26:22.6108792-04:00] Job started: Id=3 State=Running
[2025-08-16T01:26:25.1617209-04:00] healthz try=0 failed: The operation has timed out.
[2025-08-16T01:26:27.6759670-04:00] healthz try=1 failed: The operation has timed out.
[2025-08-16T01:26:30.1955421-04:00] healthz try=2 failed: The operation has timed out.
[2025-08-16T01:26:32.7122580-04:00] healthz try=3 failed: The operation has timed out.
[2025-08-16T01:26:35.2142850-04:00] healthz try=4 failed: The operation has timed out.
[2025-08-16T01:26:37.7322003-04:00] healthz try=5 failed: The operation has timed out.
[2025-08-16T01:26:40.2346082-04:00] healthz try=6 failed: The operation has timed out.
[2025-08-16T01:26:42.7522219-04:00] healthz try=7 failed: The operation has timed out.
[2025-08-16T01:26:45.2686072-04:00] healthz try=8 failed: The operation has timed out.
[2025-08-16T01:26:47.7727058-04:00] healthz try=9 failed: The operation has timed out.
[2025-08-16T01:26:50.2912644-04:00] healthz try=10 failed: The operation has timed out.
[2025-08-16T01:26:52.8106392-04:00] healthz try=11 failed: The operation has timed out.
[2025-08-16T01:26:55.3279364-04:00] healthz try=12 failed: The operation has timed out.
[2025-08-16T01:26:57.8456925-04:00] healthz try=13 failed: The operation has timed out.
[2025-08-16T01:27:00.3628684-04:00] healthz try=14 failed: The operation has timed out.
[2025-08-16T01:27:02.8991080-04:00] healthz try=15 failed: The operation has timed out.
[2025-08-16T01:27:05.4179494-04:00] healthz try=16 failed: The operation has timed out.
[2025-08-16T01:27:07.9952854-04:00] healthz try=17 failed: The operation has timed out.
[2025-08-16T01:27:10.5059869-04:00] healthz try=18 failed: The operation has timed out.
[2025-08-16T01:27:13.0294362-04:00] healthz try=19 failed: The operation has timed out.
[2025-08-16T01:27:13.0294362-04:00] Server did not become healthy within timeout. See C:\Users\kimhy\Desktop\StateID-App\ops\outbox\server-node.log for details.
[2025-08-16T01:27:13.0294362-04:00] Exiting server-run.ps1 with code 0 (worker will idle).
[2025-08-16T01:27:13.5944841-04:00] ===== server-run start =====
[2025-08-16T01:27:13.6133177-04:00] PSVersion=5.1.19041.6216 root=C:\Users\kimhy\Desktop\StateID-App
[2025-08-16T01:27:14.1221993-04:00] No conflicting listener on 8787 (or it is our own pid=8632).
[2025-08-16T01:27:14.1236987-04:00] ENV WRITE_IDS=false PORT=8787
[2025-08-16T01:27:14.1436871-04:00] Node path=C:\Program Files\nodejs\node.exe version=v22.16.0
[2025-08-16T01:27:14.2717975-04:00] Starting background job 'StateID-Node'...
[2025-08-16T01:27:14.3738610-04:00] Job started: Id=3 State=Running
[2025-08-16T01:27:16.9223755-04:00] healthz try=0 failed: The operation has timed out.
[2025-08-16T01:27:19.4264589-04:00] healthz try=1 failed: The operation has timed out.
[2025-08-16T01:27:21.9803382-04:00] healthz try=2 failed: The operation has timed out.
[2025-08-16T01:27:24.5010623-04:00] healthz try=3 failed: The operation has timed out.
[2025-08-16T01:27:27.0103863-04:00] healthz try=4 failed: The operation has timed out.
[2025-08-16T01:27:29.5260790-04:00] healthz try=5 failed: The operation has timed out.
[2025-08-16T01:27:32.0367560-04:00] healthz try=6 failed: The operation has timed out.
[2025-08-16T01:27:34.5459039-04:00] healthz try=7 failed: The operation has timed out.
[2025-08-16T01:27:37.0482985-04:00] healthz try=8 failed: The operation has timed out.
[2025-08-16T01:27:39.5603550-04:00] healthz try=9 failed: The operation has timed out.
[2025-08-16T01:27:42.0832826-04:00] healthz try=10 failed: The operation has timed out.
[2025-08-16T01:27:44.5994450-04:00] healthz try=11 failed: The operation has timed out.
[2025-08-16T01:27:47.1042498-04:00] healthz try=12 failed: The operation has timed out.
[2025-08-16T01:27:49.6341480-04:00] healthz try=13 failed: The operation has timed out.
[2025-08-16T01:27:52.1472637-04:00] healthz try=14 failed: The operation has timed out.
[2025-08-16T01:27:54.6644558-04:00] healthz try=15 failed: The operation has timed out.
[2025-08-16T01:27:57.1689220-04:00] healthz try=16 failed: The operation has timed out.
[2025-08-16T01:27:59.6874127-04:00] healthz try=17 failed: The operation has timed out.
[2025-08-16T01:28:02.2059741-04:00] healthz try=18 failed: The operation has timed out.
[2025-08-16T01:28:04.7243398-04:00] healthz try=19 failed: The operation has timed out.
[2025-08-16T01:28:04.7253685-04:00] Server did not become healthy within timeout. See C:\Users\kimhy\Desktop\StateID-App\ops\outbox\server-node.log for details.
[2025-08-16T01:28:04.7273412-04:00] Exiting server-run.ps1 with code 0 (worker will idle).
[2025-08-16T01:28:05.3434372-04:00] ===== server-run start =====
[2025-08-16T01:28:05.3554146-04:00] PSVersion=5.1.19041.6216 root=C:\Users\kimhy\Desktop\StateID-App
[2025-08-16T01:28:05.8921898-04:00] No conflicting listener on 8787 (or it is our own pid=1912).
[2025-08-16T01:28:05.8921898-04:00] ENV WRITE_IDS=false PORT=8787
[2025-08-16T01:28:05.9255859-04:00] Node path=C:\Program Files\nodejs\node.exe version=v22.16.0
[2025-08-16T01:28:06.0589729-04:00] Starting background job 'StateID-Node'...
[2025-08-16T01:28:06.1924061-04:00] Job started: Id=3 State=Running
[2025-08-16T01:28:06.7762045-04:00] healthz ok on try=0
[2025-08-16T01:28:06.7762045-04:00] Server is healthy.
[2025-08-16T01:28:06.7762045-04:00] Exiting server-run.ps1 with code 0 (worker will idle).
[2025-08-16T01:28:09.1336378-04:00] ===== server-run start =====
[2025-08-16T01:28:09.1450079-04:00] PSVersion=5.1.19041.6216 root=C:\Users\kimhy\Desktop\StateID-App
[2025-08-16T01:28:09.6776814-04:00] No conflicting listener on 8787 (or it is our own pid=11920).
[2025-08-16T01:28:09.6776814-04:00] ENV WRITE_IDS=false PORT=8787
[2025-08-16T01:28:09.7089559-04:00] Node path=C:\Program Files\nodejs\node.exe version=v22.16.0
[2025-08-16T01:28:09.8501545-04:00] Starting background job 'StateID-Node'...
[2025-08-16T01:28:09.9641253-04:00] Job started: Id=3 State=Running
[2025-08-16T01:28:10.5459780-04:00] healthz ok on try=0
[2025-08-16T01:28:10.5822852-04:00] Server is healthy.
[2025-08-16T01:28:10.5833100-04:00] Exiting server-run.ps1 with code 0 (worker will idle).
[2025-08-16T01:28:12.4855863-04:00] ===== server-run start =====
[2025-08-16T01:28:12.4962370-04:00] PSVersion=5.1.19041.6216 root=C:\Users\kimhy\Desktop\StateID-App
[2025-08-16T01:28:13.0125651-04:00] No conflicting listener on 8787 (or it is our own pid=12436).
[2025-08-16T01:28:13.0143031-04:00] ENV WRITE_IDS=false PORT=8787
[2025-08-16T01:28:13.0429064-04:00] Node path=C:\Program Files\nodejs\node.exe version=v22.16.0
[2025-08-16T01:28:13.1704962-04:00] Starting background job 'StateID-Node'...
[2025-08-16T01:28:13.2850882-04:00] Job started: Id=3 State=Running
[2025-08-16T01:28:13.9698699-04:00] healthz ok on try=0
[2025-08-16T01:28:13.9718659-04:00] Server is healthy.
[2025-08-16T01:28:14.0138935-04:00] Exiting server-run.ps1 with code 0 (worker will idle).
[2025-08-16T01:28:15.9212227-04:00] ===== server-run start =====
[2025-08-16T01:28:15.9318795-04:00] PSVersion=5.1.19041.6216 root=C:\Users\kimhy\Desktop\StateID-App
[2025-08-16T01:28:16.4488889-04:00] No conflicting listener on 8787 (or it is our own pid=7760).
[2025-08-16T01:28:16.4508935-04:00] ENV WRITE_IDS=false PORT=8787
[2025-08-16T01:28:16.4654707-04:00] Node path=C:\Program Files\nodejs\node.exe version=v22.16.0
[2025-08-16T01:28:16.5988931-04:00] Starting background job 'StateID-Node'...
[2025-08-16T01:28:16.7187231-04:00] Job started: Id=3 State=Running
[2025-08-16T01:28:17.3398270-04:00] healthz ok on try=0
[2025-08-16T01:28:17.3418259-04:00] Server is healthy.
[2025-08-16T01:28:17.3428250-04:00] Exiting server-run.ps1 with code 0 (worker will idle).
[2025-08-16T01:28:19.2234452-04:00] ===== server-run start =====
[2025-08-16T01:28:19.2342091-04:00] PSVersion=5.1.19041.6216 root=C:\Users\kimhy\Desktop\StateID-App
[2025-08-16T01:28:19.7347136-04:00] No conflicting listener on 8787 (or it is our own pid=6672).
[2025-08-16T01:28:19.7347136-04:00] ENV WRITE_IDS=false PORT=8787
[2025-08-16T01:28:19.7681227-04:00] Node path=C:\Program Files\nodejs\node.exe version=v22.16.0
[2025-08-16T01:28:19.9017757-04:00] Starting background job 'StateID-Node'...
[2025-08-16T01:28:20.0279321-04:00] Job started: Id=3 State=Running
[2025-08-16T01:28:20.6491187-04:00] healthz ok on try=0
[2025-08-16T01:28:20.6501183-04:00] Server is healthy.
[2025-08-16T01:28:20.6511183-04:00] Exiting server-run.ps1 with code 0 (worker will idle).
[2025-08-16T01:28:22.5149686-04:00] ===== server-run start =====
[2025-08-16T01:28:22.5256746-04:00] PSVersion=5.1.19041.6216 root=C:\Users\kimhy\Desktop\StateID-App
[2025-08-16T01:28:23.1260505-04:00] No conflicting listener on 8787 (or it is our own pid=6048).
[2025-08-16T01:28:23.1280508-04:00] ENV WRITE_IDS=false PORT=8787
[2025-08-16T01:28:23.1564060-04:00] Node path=C:\Program Files\nodejs\node.exe version=v22.16.0
[2025-08-16T01:28:23.2821565-04:00] Starting background job 'StateID-Node'...
[2025-08-16T01:28:23.6420262-04:00] Job started: Id=3 State=Running
[2025-08-16T01:28:24.2544183-04:00] healthz ok on try=0
[2025-08-16T01:28:24.2544183-04:00] Server is healthy.
[2025-08-16T01:28:24.2544183-04:00] Exiting server-run.ps1 with code 0 (worker will idle).
[2025-08-16T01:28:26.3322482-04:00] ===== server-run start =====
[2025-08-16T01:28:26.3428887-04:00] PSVersion=5.1.19041.6216 root=C:\Users\kimhy\Desktop\StateID-App
[2025-08-16T01:28:26.8628735-04:00] No conflicting listener on 8787 (or it is our own pid=4996).
[2025-08-16T01:28:26.8649066-04:00] ENV WRITE_IDS=false PORT=8787
[2025-08-16T01:28:26.8952259-04:00] Node path=C:\Program Files\nodejs\node.exe version=v22.16.0
[2025-08-16T01:28:27.0226528-04:00] Starting background job 'StateID-Node'...
[2025-08-16T01:28:27.1386893-04:00] Job started: Id=3 State=Running
[2025-08-16T01:28:27.7584461-04:00] healthz ok on try=0
[2025-08-16T01:28:27.7594468-04:00] Server is healthy.
[2025-08-16T01:28:27.7604458-04:00] Exiting server-run.ps1 with code 0 (worker will idle).
[2025-08-16T01:28:29.7249759-04:00] ===== server-run start =====
[2025-08-16T01:28:29.7249759-04:00] PSVersion=5.1.19041.6216 root=C:\Users\kimhy\Desktop\StateID-App
[2025-08-16T01:28:30.2585260-04:00] No conflicting listener on 8787 (or it is our own pid=8200).
[2025-08-16T01:28:30.2585260-04:00] ENV WRITE_IDS=false PORT=8787
[2025-08-16T01:28:30.2918586-04:00] Node path=C:\Program Files\nodejs\node.exe version=v22.16.0
[2025-08-16T01:28:30.4253826-04:00] Starting background job 'StateID-Node'...
[2025-08-16T01:28:30.5420727-04:00] Job started: Id=3 State=Running
[2025-08-16T01:28:31.1425677-04:00] healthz ok on try=0
[2025-08-16T01:28:31.1593527-04:00] Server is healthy.
[2025-08-16T01:28:31.1593527-04:00] Exiting server-run.ps1 with code 0 (worker will idle).
[2025-08-16T01:28:33.0771180-04:00] ===== server-run start =====
[2025-08-16T01:28:33.0771180-04:00] PSVersion=5.1.19041.6216 root=C:\Users\kimhy\Desktop\StateID-App
[2025-08-16T01:28:33.6263584-04:00] No conflicting listener on 8787 (or it is our own pid=7528).
[2025-08-16T01:28:33.6274323-04:00] ENV WRITE_IDS=false PORT=8787
[2025-08-16T01:28:33.6610861-04:00] Node path=C:\Program Files\nodejs\node.exe version=v22.16.0
[2025-08-16T01:28:33.7933377-04:00] Starting background job 'StateID-Node'...
[2025-08-16T01:28:33.8942429-04:00] Job started: Id=3 State=Running
[2025-08-16T01:28:34.4780036-04:00] healthz ok on try=0
[2025-08-16T01:28:34.5280821-04:00] Server is healthy.
[2025-08-16T01:28:34.5280821-04:00] Exiting server-run.ps1 with code 0 (worker will idle).
[2025-08-16T01:28:36.5795808-04:00] ===== server-run start =====
[2025-08-16T01:28:36.5962243-04:00] PSVersion=5.1.19041.6216 root=C:\Users\kimhy\Desktop\StateID-App
[2025-08-16T01:28:37.1465574-04:00] No conflicting listener on 8787 (or it is our own pid=11324).
[2025-08-16T01:28:37.1465574-04:00] ENV WRITE_IDS=false PORT=8787
[2025-08-16T01:28:37.1798156-04:00] Node path=C:\Program Files\nodejs\node.exe version=v22.16.0
[2025-08-16T01:28:37.3134078-04:00] Starting background job 'StateID-Node'...
[2025-08-16T01:28:37.4300127-04:00] Job started: Id=3 State=Running
[2025-08-16T01:28:37.9971263-04:00] healthz ok on try=0
[2025-08-16T01:28:37.9971263-04:00] Server is healthy.
[2025-08-16T01:28:37.9971263-04:00] Exiting server-run.ps1 with code 0 (worker will idle).
[2025-08-16T01:28:39.9150169-04:00] ===== server-run start =====
[2025-08-16T01:28:39.9316741-04:00] PSVersion=5.1.19041.6216 root=C:\Users\kimhy\Desktop\StateID-App
[2025-08-16T01:28:40.4487084-04:00] No conflicting listener on 8787 (or it is our own pid=6692).
[2025-08-16T01:28:40.4487084-04:00] ENV WRITE_IDS=false PORT=8787
[2025-08-16T01:28:40.4820866-04:00] Node path=C:\Program Files\nodejs\node.exe version=v22.16.0
[2025-08-16T01:28:40.6156681-04:00] Starting background job 'StateID-Node'...
[2025-08-16T01:28:40.7321553-04:00] Job started: Id=3 State=Running
[2025-08-16T01:28:41.2992765-04:00] healthz ok on try=0
[2025-08-16T01:28:41.2992765-04:00] Server is healthy.
[2025-08-16T01:28:41.3492902-04:00] Exiting server-run.ps1 with code 0 (worker will idle).
[2025-08-16T01:28:43.3673202-04:00] ===== server-run start =====
[2025-08-16T01:28:43.3839822-04:00] PSVersion=5.1.19041.6216 root=C:\Users\kimhy\Desktop\StateID-App
[2025-08-16T01:28:43.9011368-04:00] No conflicting listener on 8787 (or it is our own pid=11512).
[2025-08-16T01:28:43.9177053-04:00] ENV WRITE_IDS=false PORT=8787
[2025-08-16T01:28:43.9342655-04:00] Node path=C:\Program Files\nodejs\node.exe version=v22.16.0
[2025-08-16T01:28:44.0679350-04:00] Starting background job 'StateID-Node'...
[2025-08-16T01:28:44.1844788-04:00] Job started: Id=3 State=Running
[2025-08-16T01:28:44.7682297-04:00] healthz ok on try=0
[2025-08-16T01:28:44.8183726-04:00] Server is healthy.
[2025-08-16T01:28:44.8183726-04:00] Exiting server-run.ps1 with code 0 (worker will idle).
[2025-08-16T01:28:46.8362631-04:00] ===== server-run start =====
[2025-08-16T01:28:46.8530823-04:00] PSVersion=5.1.19041.6216 root=C:\Users\kimhy\Desktop\StateID-App
[2025-08-16T01:28:47.3700949-04:00] No conflicting listener on 8787 (or it is our own pid=9540).
[2025-08-16T01:28:47.3700949-04:00] ENV WRITE_IDS=false PORT=8787
[2025-08-16T01:28:47.4034317-04:00] Node path=C:\Program Files\nodejs\node.exe version=v22.16.0
[2025-08-16T01:28:47.5368024-04:00] Starting background job 'StateID-Node'...
[2025-08-16T01:28:47.6534502-04:00] Job started: Id=3 State=Running
[2025-08-16T01:28:48.2205373-04:00] healthz ok on try=0
[2025-08-16T01:28:48.2626952-04:00] Server is healthy.
[2025-08-16T01:28:48.2626952-04:00] Exiting server-run.ps1 with code 0 (worker will idle).
[2025-08-16T01:28:50.1381729-04:00] ===== server-run start =====
[2025-08-16T01:28:50.1491988-04:00] PSVersion=5.1.19041.6216 root=C:\Users\kimhy\Desktop\StateID-App
[2025-08-16T01:28:50.6591581-04:00] No conflicting listener on 8787 (or it is our own pid=7724).
[2025-08-16T01:28:50.6611580-04:00] ENV WRITE_IDS=false PORT=8787
[2025-08-16T01:28:50.6905534-04:00] Node path=C:\Program Files\nodejs\node.exe version=v22.16.0
[2025-08-16T01:28:50.8182895-04:00] Starting background job 'StateID-Node'...
[2025-08-16T01:28:50.9299965-04:00] Job started: Id=3 State=Running
[2025-08-16T01:28:51.5390999-04:00] healthz ok on try=0
[2025-08-16T01:28:51.5411014-04:00] Server is healthy.
[2025-08-16T01:28:51.5421012-04:00] Exiting server-run.ps1 with code 0 (worker will idle).
[2025-08-16T01:28:53.4408886-04:00] ===== server-run start =====
[2025-08-16T01:28:53.4408886-04:00] PSVersion=5.1.19041.6216 root=C:\Users\kimhy\Desktop\StateID-App
[2025-08-16T01:28:53.9746336-04:00] No conflicting listener on 8787 (or it is our own pid=9292).
[2025-08-16T01:28:53.9746336-04:00] ENV WRITE_IDS=false PORT=8787
[2025-08-16T01:28:54.0077857-04:00] Node path=C:\Program Files\nodejs\node.exe version=v22.16.0
[2025-08-16T01:28:54.1411621-04:00] Starting background job 'StateID-Node'...
[2025-08-16T01:28:54.2580716-04:00] Job started: Id=3 State=Running
[2025-08-16T01:28:54.8250036-04:00] healthz ok on try=0
[2025-08-16T01:28:54.8250036-04:00] Server is healthy.
[2025-08-16T01:28:54.8250036-04:00] Exiting server-run.ps1 with code 0 (worker will idle).
[2025-08-16T01:28:56.8921869-04:00] ===== server-run start =====
[2025-08-16T01:28:56.8930384-04:00] PSVersion=5.1.19041.6216 root=C:\Users\kimhy\Desktop\StateID-App
[2025-08-16T01:28:57.4267745-04:00] No conflicting listener on 8787 (or it is our own pid=3232).
[2025-08-16T01:28:57.4267745-04:00] ENV WRITE_IDS=false PORT=8787
[2025-08-16T01:28:57.4601198-04:00] Node path=C:\Program Files\nodejs\node.exe version=v22.16.0
[2025-08-16T01:28:57.5936443-04:00] Starting background job 'StateID-Node'...
[2025-08-16T01:28:57.6937212-04:00] Job started: Id=3 State=Running
[2025-08-16T01:28:58.2940209-04:00] healthz ok on try=0
[2025-08-16T01:28:58.3274569-04:00] Server is healthy.
[2025-08-16T01:28:58.3274569-04:00] Exiting server-run.ps1 with code 0 (worker will idle).
[2025-08-16T01:29:00.2620891-04:00] ===== server-run start =====
[2025-08-16T01:29:00.2788615-04:00] PSVersion=5.1.19041.6216 root=C:\Users\kimhy\Desktop\StateID-App
[2025-08-16T01:29:00.8124767-04:00] No conflicting listener on 8787 (or it is our own pid=3200).
[2025-08-16T01:29:00.8124767-04:00] ENV WRITE_IDS=false PORT=8787
[2025-08-16T01:29:00.8289205-04:00] Node path=C:\Program Files\nodejs\node.exe version=v22.16.0
[2025-08-16T01:29:00.9626750-04:00] Starting background job 'StateID-Node'...
[2025-08-16T01:29:01.0802011-04:00] Job started: Id=3 State=Running
[2025-08-16T01:29:01.6629944-04:00] healthz ok on try=0
[2025-08-16T01:29:01.7119830-04:00] Server is healthy.
[2025-08-16T01:29:01.7130988-04:00] Exiting server-run.ps1 with code 0 (worker will idle).
[2025-08-16T01:29:03.6142605-04:00] ===== server-run start =====
[2025-08-16T01:29:03.6142605-04:00] PSVersion=5.1.19041.6216 root=C:\Users\kimhy\Desktop\StateID-App
[2025-08-16T01:29:04.1479503-04:00] No conflicting listener on 8787 (or it is our own pid=5880).
[2025-08-16T01:29:04.1479503-04:00] ENV WRITE_IDS=false PORT=8787
[2025-08-16T01:29:04.1813092-04:00] Node path=C:\Program Files\nodejs\node.exe version=v22.16.0
[2025-08-16T01:29:04.3148839-04:00] Starting background job 'StateID-Node'...
[2025-08-16T01:29:04.4315465-04:00] Job started: Id=3 State=Running
[2025-08-16T01:29:05.0151908-04:00] healthz ok on try=0
[2025-08-16T01:29:05.0151908-04:00] Server is healthy.
[2025-08-16T01:29:05.0654289-04:00] Exiting server-run.ps1 with code 0 (worker will idle).
[2025-08-16T01:29:06.9320511-04:00] ===== server-run start =====
[2025-08-16T01:29:06.9332393-04:00] PSVersion=5.1.19041.6216 root=C:\Users\kimhy\Desktop\StateID-App
[2025-08-16T01:29:07.4667734-04:00] No conflicting listener on 8787 (or it is our own pid=9704).
[2025-08-16T01:29:07.4667734-04:00] ENV WRITE_IDS=false PORT=8787
[2025-08-16T01:29:07.5001782-04:00] Node path=C:\Program Files\nodejs\node.exe version=v22.16.0
[2025-08-16T01:29:07.6170141-04:00] Starting background job 'StateID-Node'...
[2025-08-16T01:29:07.7336675-04:00] Job started: Id=3 State=Running
[2025-08-16T01:29:08.3173579-04:00] healthz ok on try=0
[2025-08-16T01:29:08.3173579-04:00] Server is healthy.
[2025-08-16T01:29:08.3674919-04:00] Exiting server-run.ps1 with code 0 (worker will idle).
[2025-08-16T01:29:10.3020398-04:00] ===== server-run start =====
[2025-08-16T01:29:10.3189039-04:00] PSVersion=5.1.19041.6216 root=C:\Users\kimhy\Desktop\StateID-App
[2025-08-16T01:29:10.8523276-04:00] No conflicting listener on 8787 (or it is our own pid=4492).
[2025-08-16T01:29:10.8523276-04:00] ENV WRITE_IDS=false PORT=8787
[2025-08-16T01:29:10.8860150-04:00] Node path=C:\Program Files\nodejs\node.exe version=v22.16.0
[2025-08-16T01:29:11.0182263-04:00] Starting background job 'StateID-Node'...
[2025-08-16T01:29:11.1194174-04:00] Job started: Id=3 State=Running
[2025-08-16T01:29:11.7195803-04:00] healthz ok on try=0
[2025-08-16T01:29:11.7697492-04:00] Server is healthy.
[2025-08-16T01:29:11.7697492-04:00] Exiting server-run.ps1 with code 0 (worker will idle).
[2025-08-16T01:29:13.7043956-04:00] ===== server-run start =====
[2025-08-16T01:29:13.7043956-04:00] PSVersion=5.1.19041.6216 root=C:\Users\kimhy\Desktop\StateID-App
[2025-08-16T01:29:14.3714739-04:00] No conflicting listener on 8787 (or it is our own pid=9232).
[2025-08-16T01:29:14.3714739-04:00] ENV WRITE_IDS=false PORT=8787
[2025-08-16T01:29:14.4048987-04:00] Node path=C:\Program Files\nodejs\node.exe version=v22.16.0
[2025-08-16T01:29:14.5384311-04:00] Starting background job 'StateID-Node'...
[2025-08-16T01:29:14.6549658-04:00] Job started: Id=3 State=Running
[2025-08-16T01:29:15.2316484-04:00] healthz ok on try=0
[2025-08-16T01:29:15.2681390-04:00] Server is healthy.
[2025-08-16T01:29:15.2691388-04:00] Exiting server-run.ps1 with code 0 (worker will idle).
[2025-08-16T01:29:17.1379161-04:00] ===== server-run start =====
[2025-08-16T01:29:17.1495708-04:00] PSVersion=5.1.19041.6216 root=C:\Users\kimhy\Desktop\StateID-App
[2025-08-16T01:29:17.6677179-04:00] No conflicting listener on 8787 (or it is our own pid=10576).
[2025-08-16T01:29:17.6696779-04:00] ENV WRITE_IDS=false PORT=8787
[2025-08-16T01:29:17.6989394-04:00] Node path=C:\Program Files\nodejs\node.exe version=v22.16.0
[2025-08-16T01:29:17.8263984-04:00] Starting background job 'StateID-Node'...
[2025-08-16T01:29:17.9421680-04:00] Job started: Id=3 State=Running
[2025-08-16T01:29:18.5672033-04:00] healthz ok on try=0
[2025-08-16T01:29:18.5682056-04:00] Server is healthy.
[2025-08-16T01:29:18.5692040-04:00] Exiting server-run.ps1 with code 0 (worker will idle).
[2025-08-16T01:29:20.4254915-04:00] ===== server-run start =====
[2025-08-16T01:29:20.4421227-04:00] PSVersion=5.1.19041.6216 root=C:\Users\kimhy\Desktop\StateID-App
[2025-08-16T01:29:20.9758689-04:00] No conflicting listener on 8787 (or it is our own pid=11340).
[2025-08-16T01:29:20.9758689-04:00] ENV WRITE_IDS=false PORT=8787
[2025-08-16T01:29:21.0092084-04:00] Node path=C:\Program Files\nodejs\node.exe version=v22.16.0
[2025-08-16T01:29:21.1428745-04:00] Starting background job 'StateID-Node'...
[2025-08-16T01:29:21.2426707-04:00] Job started: Id=3 State=Running
[2025-08-16T01:29:21.8265328-04:00] healthz ok on try=0
[2025-08-16T01:29:21.8265328-04:00] Server is healthy.
[2025-08-16T01:29:21.8764654-04:00] Exiting server-run.ps1 with code 0 (worker will idle).
[2025-08-16T01:29:23.7446555-04:00] ===== server-run start =====
[2025-08-16T01:29:23.7610337-04:00] PSVersion=5.1.19041.6216 root=C:\Users\kimhy\Desktop\StateID-App
[2025-08-16T01:29:24.2781061-04:00] No conflicting listener on 8787 (or it is our own pid=3420).
[2025-08-16T01:29:24.2781061-04:00] ENV WRITE_IDS=false PORT=8787
[2025-08-16T01:29:24.3114686-04:00] Node path=C:\Program Files\nodejs\node.exe version=v22.16.0
[2025-08-16T01:29:24.4458205-04:00] Starting background job 'StateID-Node'...
[2025-08-16T01:29:24.5615474-04:00] Job started: Id=3 State=Running
[2025-08-16T01:29:25.1449002-04:00] healthz ok on try=0
[2025-08-16T01:29:25.1782166-04:00] Server is healthy.
[2025-08-16T01:29:25.1782166-04:00] Exiting server-run.ps1 with code 0 (worker will idle).
[2025-08-16T01:29:27.2956823-04:00] ===== server-run start =====
[2025-08-16T01:29:27.3063682-04:00] PSVersion=5.1.19041.6216 root=C:\Users\kimhy\Desktop\StateID-App
[2025-08-16T01:29:27.8431402-04:00] No conflicting listener on 8787 (or it is our own pid=8596).
[2025-08-16T01:29:27.8451277-04:00] ENV WRITE_IDS=false PORT=8787
[2025-08-16T01:29:27.8754892-04:00] Node path=C:\Program Files\nodejs\node.exe version=v22.16.0
[2025-08-16T01:29:28.0195926-04:00] Starting background job 'StateID-Node'...
[2025-08-16T01:29:28.1342940-04:00] Job started: Id=3 State=Running
[2025-08-16T01:29:28.8427479-04:00] healthz ok on try=0
[2025-08-16T01:29:28.8437458-04:00] Server is healthy.
[2025-08-16T01:29:28.8447453-04:00] Exiting server-run.ps1 with code 0 (worker will idle).
[2025-08-16T01:29:30.7059572-04:00] ===== server-run start =====
[2025-08-16T01:29:30.7183554-04:00] PSVersion=5.1.19041.6216 root=C:\Users\kimhy\Desktop\StateID-App
[2025-08-16T01:29:31.2954553-04:00] No conflicting listener on 8787 (or it is our own pid=8968).
[2025-08-16T01:29:31.2974603-04:00] ENV WRITE_IDS=false PORT=8787
[2025-08-16T01:29:31.3247549-04:00] Node path=C:\Program Files\nodejs\node.exe version=v22.16.0
[2025-08-16T01:29:31.4522729-04:00] Starting background job 'StateID-Node'...
[2025-08-16T01:29:31.5652332-04:00] Job started: Id=3 State=Running
[2025-08-16T01:29:32.1930063-04:00] healthz ok on try=0
[2025-08-16T01:29:32.1940082-04:00] Server is healthy.
[2025-08-16T01:29:32.1950082-04:00] Exiting server-run.ps1 with code 0 (worker will idle).
[2025-08-16T01:29:34.0316166-04:00] ===== server-run start =====
[2025-08-16T01:29:34.0423996-04:00] PSVersion=5.1.19041.6216 root=C:\Users\kimhy\Desktop\StateID-App
[2025-08-16T01:29:34.5622751-04:00] No conflicting listener on 8787 (or it is our own pid=2704).
[2025-08-16T01:29:34.5642747-04:00] ENV WRITE_IDS=false PORT=8787
[2025-08-16T01:29:34.5936125-04:00] Node path=C:\Program Files\nodejs\node.exe version=v22.16.0
[2025-08-16T01:29:34.7210130-04:00] Starting background job 'StateID-Node'...
[2025-08-16T01:29:34.8525224-04:00] Job started: Id=3 State=Running
[2025-08-16T01:29:35.4775861-04:00] healthz ok on try=0
[2025-08-16T01:29:35.4793525-04:00] Server is healthy.
[2025-08-16T01:29:35.4803654-04:00] Exiting server-run.ps1 with code 0 (worker will idle).
[2025-08-16T01:29:37.3703577-04:00] ===== server-run start =====
[2025-08-16T01:29:37.3803586-04:00] PSVersion=5.1.19041.6216 root=C:\Users\kimhy\Desktop\StateID-App
[2025-08-16T01:29:37.9165000-04:00] No conflicting listener on 8787 (or it is our own pid=4728).
[2025-08-16T01:29:37.9185020-04:00] ENV WRITE_IDS=false PORT=8787
[2025-08-16T01:29:37.9468598-04:00] Node path=C:\Program Files\nodejs\node.exe version=v22.16.0
[2025-08-16T01:29:38.0778208-04:00] Starting background job 'StateID-Node'...
[2025-08-16T01:29:38.1919748-04:00] Job started: Id=3 State=Running
[2025-08-16T01:29:38.8161322-04:00] healthz ok on try=0
[2025-08-16T01:29:38.8171303-04:00] Server is healthy.
[2025-08-16T01:29:38.8191334-04:00] Exiting server-run.ps1 with code 0 (worker will idle).
[2025-08-16T01:29:40.6725298-04:00] ===== server-run start =====
[2025-08-16T01:29:40.6835329-04:00] PSVersion=5.1.19041.6216 root=C:\Users\kimhy\Desktop\StateID-App
[2025-08-16T01:29:41.3011233-04:00] No conflicting listener on 8787 (or it is our own pid=1680).
[2025-08-16T01:29:41.3031228-04:00] ENV WRITE_IDS=false PORT=8787
[2025-08-16T01:29:41.3324409-04:00] Node path=C:\Program Files\nodejs\node.exe version=v22.16.0
[2025-08-16T01:29:41.4702872-04:00] Starting background job 'StateID-Node'...
[2025-08-16T01:29:41.5846552-04:00] Job started: Id=3 State=Running
[2025-08-16T01:29:42.1755361-04:00] healthz ok on try=0
[2025-08-16T01:29:42.1775320-04:00] Server is healthy.
[2025-08-16T01:29:42.2163594-04:00] Exiting server-run.ps1 with code 0 (worker will idle).
[2025-08-16T01:29:44.0772972-04:00] ===== server-run start =====
[2025-08-16T01:29:44.0882985-04:00] PSVersion=5.1.19041.6216 root=C:\Users\kimhy\Desktop\StateID-App
[2025-08-16T01:29:44.6134243-04:00] No conflicting listener on 8787 (or it is our own pid=7156).
[2025-08-16T01:29:44.6154241-04:00] ENV WRITE_IDS=false PORT=8787
[2025-08-16T01:29:44.6449875-04:00] Node path=C:\Program Files\nodejs\node.exe version=v22.16.0
[2025-08-16T01:29:44.7757854-04:00] Starting background job 'StateID-Node'...
[2025-08-16T01:29:44.8898155-04:00] Job started: Id=3 State=Running
[2025-08-16T01:29:45.5216352-04:00] healthz ok on try=0
[2025-08-16T01:29:45.5226400-04:00] Server is healthy.
[2025-08-16T01:29:45.5246029-04:00] Exiting server-run.ps1 with code 0 (worker will idle).
[2025-08-16T01:29:47.4389330-04:00] ===== server-run start =====
[2025-08-16T01:29:47.4516884-04:00] PSVersion=5.1.19041.6216 root=C:\Users\kimhy\Desktop\StateID-App
[2025-08-16T01:29:47.9819484-04:00] No conflicting listener on 8787 (or it is our own pid=7332).
[2025-08-16T01:29:47.9839389-04:00] ENV WRITE_IDS=false PORT=8787
[2025-08-16T01:29:48.0138641-04:00] Node path=C:\Program Files\nodejs\node.exe version=v22.16.0
[2025-08-16T01:29:48.1467083-04:00] Starting background job 'StateID-Node'...
[2025-08-16T01:29:48.2619387-04:00] Job started: Id=3 State=Running
[2025-08-16T01:29:48.8809216-04:00] healthz ok on try=0
[2025-08-16T01:29:48.8819224-04:00] Server is healthy.
[2025-08-16T01:29:48.8829235-04:00] Exiting server-run.ps1 with code 0 (worker will idle).
[2025-08-16T01:29:50.7381083-04:00] ===== server-run start =====
[2025-08-16T01:29:50.7494452-04:00] PSVersion=5.1.19041.6216 root=C:\Users\kimhy\Desktop\StateID-App
[2025-08-16T01:29:51.2710176-04:00] No conflicting listener on 8787 (or it is our own pid=8148).
[2025-08-16T01:29:51.2730176-04:00] ENV WRITE_IDS=false PORT=8787
[2025-08-16T01:29:51.3032416-04:00] Node path=C:\Program Files\nodejs\node.exe version=v22.16.0
[2025-08-16T01:29:51.4342258-04:00] Starting background job 'StateID-Node'...
[2025-08-16T01:29:51.5438855-04:00] Job started: Id=3 State=Running
[2025-08-16T01:29:52.1720673-04:00] healthz ok on try=0
[2025-08-16T01:29:52.1740663-04:00] Server is healthy.
[2025-08-16T01:29:52.1750662-04:00] Exiting server-run.ps1 with code 0 (worker will idle).
[2025-08-16T01:29:54.0944918-04:00] ===== server-run start =====
[2025-08-16T01:29:54.1056854-04:00] PSVersion=5.1.19041.6216 root=C:\Users\kimhy\Desktop\StateID-App
[2025-08-16T01:29:54.6261351-04:00] No conflicting listener on 8787 (or it is our own pid=5984).
[2025-08-16T01:29:54.6281363-04:00] ENV WRITE_IDS=false PORT=8787
[2025-08-16T01:29:54.6574987-04:00] Node path=C:\Program Files\nodejs\node.exe version=v22.16.0
[2025-08-16T01:29:54.7878471-04:00] Starting background job 'StateID-Node'...
[2025-08-16T01:29:54.9022407-04:00] Job started: Id=3 State=Running
[2025-08-16T01:29:55.5217929-04:00] healthz ok on try=0
[2025-08-16T01:29:55.5227944-04:00] Server is healthy.
[2025-08-16T01:29:55.5237945-04:00] Exiting server-run.ps1 with code 0 (worker will idle).
[2025-08-16T01:29:57.5030440-04:00] ===== server-run start =====
[2025-08-16T01:29:57.5140414-04:00] PSVersion=5.1.19041.6216 root=C:\Users\kimhy\Desktop\StateID-App
[2025-08-16T01:29:58.0390981-04:00] No conflicting listener on 8787 (or it is our own pid=8420).
[2025-08-16T01:29:58.0410992-04:00] ENV WRITE_IDS=false PORT=8787
[2025-08-16T01:29:58.0704148-04:00] Node path=C:\Program Files\nodejs\node.exe version=v22.16.0
[2025-08-16T01:29:58.2024496-04:00] Starting background job 'StateID-Node'...
[2025-08-16T01:29:58.3172026-04:00] Job started: Id=3 State=Running
[2025-08-16T01:29:58.9098932-04:00] healthz ok on try=0
[2025-08-16T01:29:58.9118929-04:00] Server is healthy.
[2025-08-16T01:29:58.9129098-04:00] Exiting server-run.ps1 with code 0 (worker will idle).
[2025-08-16T01:30:00.7905014-04:00] ===== server-run start =====
[2025-08-16T01:30:00.8015009-04:00] PSVersion=5.1.19041.6216 root=C:\Users\kimhy\Desktop\StateID-App
[2025-08-16T01:30:01.3345511-04:00] No conflicting listener on 8787 (or it is our own pid=4420).
[2025-08-16T01:30:01.3379099-04:00] ENV WRITE_IDS=false PORT=8787
[2025-08-16T01:30:01.3675140-04:00] Node path=C:\Program Files\nodejs\node.exe version=v22.16.0
[2025-08-16T01:30:01.5003573-04:00] Starting background job 'StateID-Node'...
[2025-08-16T01:30:01.6151831-04:00] Job started: Id=3 State=Running
[2025-08-16T01:30:02.2015000-04:00] healthz ok on try=0
[2025-08-16T01:30:02.2031631-04:00] Server is healthy.
[2025-08-16T01:30:02.2042057-04:00] Exiting server-run.ps1 with code 0 (worker will idle).
[2025-08-16T01:30:03.9760149-04:00] ===== server-run start =====
[2025-08-16T01:30:03.9860155-04:00] PSVersion=5.1.19041.6216 root=C:\Users\kimhy\Desktop\StateID-App
[2025-08-16T01:30:04.4930449-04:00] No conflicting listener on 8787 (or it is our own pid=5504).
[2025-08-16T01:30:04.4950449-04:00] ENV WRITE_IDS=false PORT=8787
[2025-08-16T01:30:04.5233999-04:00] Node path=C:\Program Files\nodejs\node.exe version=v22.16.0
[2025-08-16T01:30:04.6531354-04:00] Starting background job 'StateID-Node'...
[2025-08-16T01:30:04.7638381-04:00] Job started: Id=3 State=Running
[2025-08-16T01:30:05.3396554-04:00] healthz ok on try=0
[2025-08-16T01:30:05.3750278-04:00] Server is healthy.
[2025-08-16T01:30:05.3760276-04:00] Exiting server-run.ps1 with code 0 (worker will idle).
[2025-08-16T01:30:07.3873792-04:00] ===== server-run start =====
[2025-08-16T01:30:07.3979961-04:00] PSVersion=5.1.19041.6216 root=C:\Users\kimhy\Desktop\StateID-App
[2025-08-16T01:30:07.9120455-04:00] No conflicting listener on 8787 (or it is our own pid=7440).
[2025-08-16T01:30:07.9140455-04:00] ENV WRITE_IDS=false PORT=8787
[2025-08-16T01:30:07.9423081-04:00] Node path=C:\Program Files\nodejs\node.exe version=v22.16.0
[2025-08-16T01:30:08.0710913-04:00] Starting background job 'StateID-Node'...
[2025-08-16T01:30:08.1808191-04:00] Job started: Id=3 State=Running
[2025-08-16T01:30:08.8029296-04:00] healthz ok on try=0
[2025-08-16T01:30:08.8039310-04:00] Server is healthy.
[2025-08-16T01:30:08.8049535-04:00] Exiting server-run.ps1 with code 0 (worker will idle).
[2025-08-16T01:30:10.7218831-04:00] ===== server-run start =====
[2025-08-16T01:30:10.7315742-04:00] PSVersion=5.1.19041.6216 root=C:\Users\kimhy\Desktop\StateID-App
[2025-08-16T01:30:11.2455500-04:00] No conflicting listener on 8787 (or it is our own pid=3600).
[2025-08-16T01:30:11.2475625-04:00] ENV WRITE_IDS=false PORT=8787
[2025-08-16T01:30:11.2758820-04:00] Node path=C:\Program Files\nodejs\node.exe version=v22.16.0
[2025-08-16T01:30:11.4046639-04:00] Starting background job 'StateID-Node'...
[2025-08-16T01:30:11.5173780-04:00] Job started: Id=3 State=Running
[2025-08-16T01:30:12.1031435-04:00] healthz ok on try=0
[2025-08-16T01:30:12.1394404-04:00] Server is healthy.
[2025-08-16T01:30:12.1404407-04:00] Exiting server-run.ps1 with code 0 (worker will idle).
[2025-08-16T01:30:13.9640566-04:00] ===== server-run start =====
[2025-08-16T01:30:13.9750588-04:00] PSVersion=5.1.19041.6216 root=C:\Users\kimhy\Desktop\StateID-App
[2025-08-16T01:30:14.4871474-04:00] No conflicting listener on 8787 (or it is our own pid=3432).
[2025-08-16T01:30:14.4891721-04:00] ENV WRITE_IDS=false PORT=8787
[2025-08-16T01:30:14.5184278-04:00] Node path=C:\Program Files\nodejs\node.exe version=v22.16.0
[2025-08-16T01:30:14.6478644-04:00] Starting background job 'StateID-Node'...
[2025-08-16T01:30:14.7755550-04:00] Job started: Id=3 State=Running
[2025-08-16T01:30:15.3640099-04:00] healthz ok on try=0
[2025-08-16T01:30:15.4003879-04:00] Server is healthy.
[2025-08-16T01:30:15.4013801-04:00] Exiting server-run.ps1 with code 0 (worker will idle).
[2025-08-16T01:30:17.2252121-04:00] ===== server-run start =====
[2025-08-16T01:30:17.2358609-04:00] PSVersion=5.1.19041.6216 root=C:\Users\kimhy\Desktop\StateID-App
[2025-08-16T01:30:17.7468809-04:00] No conflicting listener on 8787 (or it is our own pid=10580).
[2025-08-16T01:30:17.7489077-04:00] ENV WRITE_IDS=false PORT=8787
[2025-08-16T01:30:17.7765512-04:00] Node path=C:\Program Files\nodejs\node.exe version=v22.16.0
[2025-08-16T01:30:17.9100008-04:00] Starting background job 'StateID-Node'...
[2025-08-16T01:30:18.0207517-04:00] Job started: Id=3 State=Running
[2025-08-16T01:30:18.6408533-04:00] healthz ok on try=0
[2025-08-16T01:30:18.6428294-04:00] Server is healthy.
[2025-08-16T01:30:18.6438283-04:00] Exiting server-run.ps1 with code 0 (worker will idle).
[2025-08-16T01:30:20.4400859-04:00] ===== server-run start =====
[2025-08-16T01:30:20.4508467-04:00] PSVersion=5.1.19041.6216 root=C:\Users\kimhy\Desktop\StateID-App
[2025-08-16T01:30:20.9707010-04:00] No conflicting listener on 8787 (or it is our own pid=5312).
[2025-08-16T01:30:20.9727036-04:00] ENV WRITE_IDS=false PORT=8787
[2025-08-16T01:30:21.0000637-04:00] Node path=C:\Program Files\nodejs\node.exe version=v22.16.0
[2025-08-16T01:30:21.1288318-04:00] Starting background job 'StateID-Node'...
[2025-08-16T01:30:21.2375596-04:00] Job started: Id=3 State=Running
[2025-08-16T01:30:21.8263470-04:00] healthz ok on try=0
[2025-08-16T01:30:21.8283371-04:00] Server is healthy.
[2025-08-16T01:30:21.8293606-04:00] Exiting server-run.ps1 with code 0 (worker will idle).
[2025-08-16T01:30:23.6274946-04:00] ===== server-run start =====
[2025-08-16T01:30:23.6382441-04:00] PSVersion=5.1.19041.6216 root=C:\Users\kimhy\Desktop\StateID-App
[2025-08-16T01:30:24.1495286-04:00] No conflicting listener on 8787 (or it is our own pid=7568).
[2025-08-16T01:30:24.1522494-04:00] ENV WRITE_IDS=false PORT=8787
[2025-08-16T01:30:24.1828880-04:00] Node path=C:\Program Files\nodejs\node.exe version=v22.16.0
[2025-08-16T01:30:24.3123353-04:00] Starting background job 'StateID-Node'...
[2025-08-16T01:30:24.4220330-04:00] Job started: Id=3 State=Running
[2025-08-16T01:30:25.0019103-04:00] healthz ok on try=0
[2025-08-16T01:30:25.0029143-04:00] Server is healthy.
[2025-08-16T01:30:25.0393324-04:00] Exiting server-run.ps1 with code 0 (worker will idle).
[2025-08-16T01:30:26.8837182-04:00] ===== server-run start =====
[2025-08-16T01:30:26.8944274-04:00] PSVersion=5.1.19041.6216 root=C:\Users\kimhy\Desktop\StateID-App
[2025-08-16T01:30:27.4103870-04:00] No conflicting listener on 8787 (or it is our own pid=8012).
[2025-08-16T01:30:27.4123879-04:00] ENV WRITE_IDS=false PORT=8787
[2025-08-16T01:30:27.4407340-04:00] Node path=C:\Program Files\nodejs\node.exe version=v22.16.0
[2025-08-16T01:30:27.5721971-04:00] Starting background job 'StateID-Node'...
[2025-08-16T01:30:27.6842000-04:00] Job started: Id=3 State=Running
[2025-08-16T01:30:28.3059478-04:00] healthz ok on try=0
[2025-08-16T01:30:28.3069498-04:00] Server is healthy.
[2025-08-16T01:30:28.3079498-04:00] Exiting server-run.ps1 with code 0 (worker will idle).
[2025-08-16T01:30:30.1995597-04:00] ===== server-run start =====
[2025-08-16T01:30:30.2122901-04:00] PSVersion=5.1.19041.6216 root=C:\Users\kimhy\Desktop\StateID-App
[2025-08-16T01:30:30.7489842-04:00] No conflicting listener on 8787 (or it is our own pid=10444).
[2025-08-16T01:30:30.7519622-04:00] ENV WRITE_IDS=false PORT=8787
[2025-08-16T01:30:30.7802871-04:00] Node path=C:\Program Files\nodejs\node.exe version=v22.16.0
[2025-08-16T01:30:30.9108376-04:00] Starting background job 'StateID-Node'...
[2025-08-16T01:30:31.0224565-04:00] Job started: Id=3 State=Running
[2025-08-16T01:30:31.6369257-04:00] healthz ok on try=0
[2025-08-16T01:30:31.6379001-04:00] Server is healthy.
[2025-08-16T01:30:31.6395700-04:00] Exiting server-run.ps1 with code 0 (worker will idle).
[2025-08-16T01:30:33.4704714-04:00] ===== server-run start =====
[2025-08-16T01:30:33.4811434-04:00] PSVersion=5.1.19041.6216 root=C:\Users\kimhy\Desktop\StateID-App
[2025-08-16T01:30:33.9942488-04:00] No conflicting listener on 8787 (or it is our own pid=2472).
[2025-08-16T01:30:33.9962493-04:00] ENV WRITE_IDS=false PORT=8787
[2025-08-16T01:30:34.0245078-04:00] Node path=C:\Program Files\nodejs\node.exe version=v22.16.0
[2025-08-16T01:30:34.1589291-04:00] Starting background job 'StateID-Node'...
[2025-08-16T01:30:34.2689649-04:00] Job started: Id=3 State=Running
[2025-08-16T01:30:34.8517402-04:00] healthz ok on try=0
[2025-08-16T01:30:34.8881140-04:00] Server is healthy.
[2025-08-16T01:30:34.8891034-04:00] Exiting server-run.ps1 with code 0 (worker will idle).
[2025-08-16T01:30:36.7706811-04:00] ===== server-run start =====
[2025-08-16T01:30:36.7813781-04:00] PSVersion=5.1.19041.6216 root=C:\Users\kimhy\Desktop\StateID-App
[2025-08-16T01:30:37.2973996-04:00] No conflicting listener on 8787 (or it is our own pid=11016).
[2025-08-16T01:30:37.2994003-04:00] ENV WRITE_IDS=false PORT=8787
[2025-08-16T01:30:37.3286781-04:00] Node path=C:\Program Files\nodejs\node.exe version=v22.16.0
[2025-08-16T01:30:37.4641546-04:00] Starting background job 'StateID-Node'...
[2025-08-16T01:30:37.5751661-04:00] Job started: Id=3 State=Running
[2025-08-16T01:30:38.2039992-04:00] healthz ok on try=0
[2025-08-16T01:30:38.2049870-04:00] Server is healthy.
[2025-08-16T01:30:38.2059839-04:00] Exiting server-run.ps1 with code 0 (worker will idle).
[2025-08-16T01:30:40.0435565-04:00] ===== server-run start =====
[2025-08-16T01:30:40.0552266-04:00] PSVersion=5.1.19041.6216 root=C:\Users\kimhy\Desktop\StateID-App
[2025-08-16T01:30:40.7840599-04:00] No conflicting listener on 8787 (or it is our own pid=9532).
[2025-08-16T01:30:40.7860557-04:00] ENV WRITE_IDS=false PORT=8787
[2025-08-16T01:30:40.8163694-04:00] Node path=C:\Program Files\nodejs\node.exe version=v22.16.0
[2025-08-16T01:30:40.9538417-04:00] Starting background job 'StateID-Node'...
[2025-08-16T01:30:41.0665260-04:00] Job started: Id=3 State=Running
[2025-08-16T01:30:41.6552859-04:00] healthz ok on try=0
[2025-08-16T01:30:41.6925918-04:00] Server is healthy.
[2025-08-16T01:30:41.6935914-04:00] Exiting server-run.ps1 with code 0 (worker will idle).
[2025-08-16T01:30:43.5778680-04:00] ===== server-run start =====
[2025-08-16T01:30:43.5934937-04:00] PSVersion=5.1.19041.6216 root=C:\Users\kimhy\Desktop\StateID-App
[2025-08-16T01:30:44.0959472-04:00] No conflicting listener on 8787 (or it is our own pid=5580).
[2025-08-16T01:30:44.0959472-04:00] ENV WRITE_IDS=false PORT=8787
[2025-08-16T01:30:44.1272248-04:00] Node path=C:\Program Files\nodejs\node.exe version=v22.16.0
[2025-08-16T01:30:44.2365978-04:00] Starting background job 'StateID-Node'...
[2025-08-16T01:30:44.3500503-04:00] Job started: Id=3 State=Running
[2025-08-16T01:30:44.9435720-04:00] healthz ok on try=0
[2025-08-16T01:30:44.9748245-04:00] Server is healthy.
[2025-08-16T01:30:44.9904378-04:00] Exiting server-run.ps1 with code 0 (worker will idle).
[2025-08-16T01:30:46.6516403-04:00] ===== server-run start =====
[2025-08-16T01:30:46.6516403-04:00] PSVersion=5.1.19041.6216 root=C:\Users\kimhy\Desktop\StateID-App
[2025-08-16T01:30:47.1380283-04:00] No conflicting listener on 8787 (or it is our own pid=10412).
[2025-08-16T01:30:47.1380283-04:00] ENV WRITE_IDS=false PORT=8787
[2025-08-16T01:30:47.1536533-04:00] Node path=C:\Program Files\nodejs\node.exe version=v22.16.0
[2025-08-16T01:30:47.2786533-04:00] Starting background job 'StateID-Node'...
[2025-08-16T01:30:47.3880313-04:00] Job started: Id=3 State=Running
[2025-08-16T01:30:48.0173795-04:00] healthz ok on try=0
[2025-08-16T01:30:48.0193825-04:00] Server is healthy.
[2025-08-16T01:30:48.0203927-04:00] Exiting server-run.ps1 with code 0 (worker will idle).
[2025-08-16T01:30:50.0710304-04:00] ===== server-run start =====
[2025-08-16T01:30:50.0932438-04:00] PSVersion=5.1.19041.6216 root=C:\Users\kimhy\Desktop\StateID-App
[2025-08-16T01:30:50.5749831-04:00] No conflicting listener on 8787 (or it is our own pid=7520).
[2025-08-16T01:30:50.5749831-04:00] ENV WRITE_IDS=false PORT=8787
[2025-08-16T01:30:50.6078469-04:00] Node path=C:\Program Files\nodejs\node.exe version=v22.16.0
[2025-08-16T01:30:50.7153930-04:00] Starting background job 'StateID-Node'...
[2025-08-16T01:30:50.8247734-04:00] Job started: Id=3 State=Running
[2025-08-16T01:30:51.3910685-04:00] healthz ok on try=0
[2025-08-16T01:30:51.4223135-04:00] Server is healthy.
[2025-08-16T01:30:51.4379275-04:00] Exiting server-run.ps1 with code 0 (worker will idle).
[2025-08-16T01:30:53.1169237-04:00] ===== server-run start =====
[2025-08-16T01:30:53.1169237-04:00] PSVersion=5.1.19041.6216 root=C:\Users\kimhy\Desktop\StateID-App
[2025-08-16T01:30:53.6017827-04:00] No conflicting listener on 8787 (or it is our own pid=5936).
[2025-08-16T01:30:53.6017827-04:00] ENV WRITE_IDS=false PORT=8787
[2025-08-16T01:30:53.6330344-04:00] Node path=C:\Program Files\nodejs\node.exe version=v22.16.0
[2025-08-16T01:30:53.7424321-04:00] Starting background job 'StateID-Node'...
[2025-08-16T01:30:53.8540704-04:00] Job started: Id=3 State=Running
[2025-08-16T01:30:54.4472635-04:00] healthz ok on try=0
[2025-08-16T01:30:54.4872585-04:00] Server is healthy.
[2025-08-16T01:30:54.4883499-04:00] Exiting server-run.ps1 with code 0 (worker will idle).
[2025-08-16T01:30:56.4436600-04:00] ===== server-run start =====
[2025-08-16T01:30:56.4621481-04:00] PSVersion=5.1.19041.6216 root=C:\Users\kimhy\Desktop\StateID-App
[2025-08-16T01:30:57.0275373-04:00] No conflicting listener on 8787 (or it is our own pid=6092).
[2025-08-16T01:30:57.0303181-04:00] ENV WRITE_IDS=false PORT=8787
[2025-08-16T01:30:57.0632504-04:00] Node path=C:\Program Files\nodejs\node.exe version=v22.16.0
[2025-08-16T01:30:57.2086069-04:00] Starting background job 'StateID-Node'...
[2025-08-16T01:30:57.3169374-04:00] Job started: Id=3 State=Running
[2025-08-16T01:30:57.9367084-04:00] healthz ok on try=0
[2025-08-16T01:30:57.9377056-04:00] Server is healthy.
[2025-08-16T01:30:57.9397042-04:00] Exiting server-run.ps1 with code 0 (worker will idle).
[2025-08-16T01:30:59.8149523-04:00] ===== server-run start =====
[2025-08-16T01:30:59.8276595-04:00] PSVersion=5.1.19041.6216 root=C:\Users\kimhy\Desktop\StateID-App
[2025-08-16T01:31:00.3649550-04:00] No conflicting listener on 8787 (or it is our own pid=10632).
[2025-08-16T01:31:00.3675612-04:00] ENV WRITE_IDS=false PORT=8787
[2025-08-16T01:31:00.3984430-04:00] Node path=C:\Program Files\nodejs\node.exe version=v22.16.0
[2025-08-16T01:31:00.5413938-04:00] Starting background job 'StateID-Node'...
[2025-08-16T01:31:00.6535540-04:00] Job started: Id=3 State=Running
[2025-08-16T01:31:01.2735881-04:00] healthz ok on try=0
[2025-08-16T01:31:01.2755647-04:00] Server is healthy.
[2025-08-16T01:31:01.2771972-04:00] Exiting server-run.ps1 with code 0 (worker will idle).
[2025-08-16T01:31:03.0311835-04:00] ===== server-run start =====
[2025-08-16T01:31:03.0468183-04:00] PSVersion=5.1.19041.6216 root=C:\Users\kimhy\Desktop\StateID-App
[2025-08-16T01:31:03.6412680-04:00] No conflicting listener on 8787 (or it is our own pid=10704).
[2025-08-16T01:31:03.6412680-04:00] ENV WRITE_IDS=false PORT=8787
[2025-08-16T01:31:03.6725170-04:00] Node path=C:\Program Files\nodejs\node.exe version=v22.16.0
[2025-08-16T01:31:03.7975181-04:00] Starting background job 'StateID-Node'...
[2025-08-16T01:31:03.9068959-04:00] Job started: Id=3 State=Running
[2025-08-16T01:31:04.4762183-04:00] healthz ok on try=0
[2025-08-16T01:31:04.5074472-04:00] Server is healthy.
[2025-08-16T01:31:04.5074472-04:00] Exiting server-run.ps1 with code 0 (worker will idle).
[2025-08-16T01:31:06.3155213-04:00] ===== server-run start =====
[2025-08-16T01:31:06.3265759-04:00] PSVersion=5.1.19041.6216 root=C:\Users\kimhy\Desktop\StateID-App
[2025-08-16T01:31:06.8220133-04:00] No conflicting listener on 8787 (or it is our own pid=11960).
[2025-08-16T01:31:06.8220133-04:00] ENV WRITE_IDS=false PORT=8787
[2025-08-16T01:31:06.8532450-04:00] Node path=C:\Program Files\nodejs\node.exe version=v22.16.0
[2025-08-16T01:31:06.9782569-04:00] Starting background job 'StateID-Node'...
[2025-08-16T01:31:07.0876205-04:00] Job started: Id=3 State=Running
[2025-08-16T01:31:07.6710139-04:00] healthz ok on try=0
[2025-08-16T01:31:07.7022585-04:00] Server is healthy.
[2025-08-16T01:31:07.7178544-04:00] Exiting server-run.ps1 with code 0 (worker will idle).
[2025-08-16T01:31:09.4299342-04:00] ===== server-run start =====
[2025-08-16T01:31:09.4299342-04:00] PSVersion=5.1.19041.6216 root=C:\Users\kimhy\Desktop\StateID-App
[2025-08-16T01:31:10.0075878-04:00] No conflicting listener on 8787 (or it is our own pid=3064).
[2025-08-16T01:31:10.0095866-04:00] ENV WRITE_IDS=false PORT=8787
[2025-08-16T01:31:10.0403138-04:00] Node path=C:\Program Files\nodejs\node.exe version=v22.16.0
[2025-08-16T01:31:10.1904993-04:00] Starting background job 'StateID-Node'...
[2025-08-16T01:31:10.3104106-04:00] Job started: Id=3 State=Running
[2025-08-16T01:31:10.9321701-04:00] healthz ok on try=0
[2025-08-16T01:31:10.9321701-04:00] Server is healthy.
[2025-08-16T01:31:10.9321701-04:00] Exiting server-run.ps1 with code 0 (worker will idle).
[2025-08-16T01:31:11.4961159-04:00] ===== server-run start =====
[2025-08-16T01:31:11.5117400-04:00] PSVersion=5.1.19041.6216 root=C:\Users\kimhy\Desktop\StateID-App
[2025-08-16T01:31:12.0499917-04:00] Killed old listener pid=9576
[2025-08-16T01:31:12.0499917-04:00] ENV WRITE_IDS=false PORT=8787
[2025-08-16T01:31:12.0847165-04:00] Node path=C:\Program Files\nodejs\node.exe version=v22.16.0
[2025-08-16T01:31:12.2106060-04:00] Starting background job 'StateID-Node'...
[2025-08-16T01:31:12.3467392-04:00] Job started: Id=3 State=Running
[2025-08-16T01:31:12.9891551-04:00] healthz ok on try=0
[2025-08-16T01:31:12.9891551-04:00] Server is healthy.
[2025-08-16T01:31:12.9891551-04:00] Exiting server-run.ps1 with code 0 (worker will idle).
[2025-08-16T01:31:15.0656332-04:00] ===== server-run start =====
[2025-08-16T01:31:15.0768729-04:00] PSVersion=5.1.19041.6216 root=C:\Users\kimhy\Desktop\StateID-App
[2025-08-16T01:31:15.5820959-04:00] No conflicting listener on 8787 (or it is our own pid=3116).
[2025-08-16T01:31:15.5840954-04:00] ENV WRITE_IDS=false PORT=8787
[2025-08-16T01:31:15.6153199-04:00] Node path=C:\Program Files\nodejs\node.exe version=v22.16.0
[2025-08-16T01:31:15.7614737-04:00] Starting background job 'StateID-Node'...
[2025-08-16T01:31:15.8944162-04:00] Job started: Id=3 State=Running
[2025-08-16T01:31:16.5324451-04:00] healthz ok on try=0
[2025-08-16T01:31:16.5334458-04:00] Server is healthy.
[2025-08-16T01:31:16.5344734-04:00] Exiting server-run.ps1 with code 0 (worker will idle).
[2025-08-16T01:31:18.5734641-04:00] ===== server-run start =====
[2025-08-16T01:31:18.5853962-04:00] PSVersion=5.1.19041.6216 root=C:\Users\kimhy\Desktop\StateID-App
[2025-08-16T01:31:19.1338394-04:00] No conflicting listener on 8787 (or it is our own pid=4972).
[2025-08-16T01:31:19.1338394-04:00] ENV WRITE_IDS=false PORT=8787
[2025-08-16T01:31:19.1650590-04:00] Node path=C:\Program Files\nodejs\node.exe version=v22.16.0
[2025-08-16T01:31:19.2900607-04:00] Starting background job 'StateID-Node'...
[2025-08-16T01:31:19.4023019-04:00] Job started: Id=3 State=Running
[2025-08-16T01:31:20.0004575-04:00] healthz ok on try=0
[2025-08-16T01:31:20.0367401-04:00] Server is healthy.
[2025-08-16T01:31:20.0377258-04:00] Exiting server-run.ps1 with code 0 (worker will idle).
[2025-08-16T01:31:22.5394375-04:00] ===== server-run start =====
[2025-08-16T01:31:22.5550620-04:00] PSVersion=5.1.19041.6216 root=C:\Users\kimhy\Desktop\StateID-App
[2025-08-16T01:31:23.0558936-04:00] No conflicting listener on 8787 (or it is our own pid=11120).
[2025-08-16T01:31:23.0715256-04:00] ENV WRITE_IDS=false PORT=8787
[2025-08-16T01:31:23.1112601-04:00] Node path=C:\Program Files\nodejs\node.exe version=v22.16.0
[2025-08-16T01:31:23.2806161-04:00] Starting background job 'StateID-Node'...
[2025-08-16T01:31:23.5745269-04:00] Job started: Id=3 State=Running
[2025-08-16T01:31:24.1569904-04:00] healthz ok on try=0
[2025-08-16T01:31:24.1882636-04:00] Server is healthy.
[2025-08-16T01:31:24.1882636-04:00] Exiting server-run.ps1 with code 0 (worker will idle).
[2025-08-16T01:31:26.5575765-04:00] ===== server-run start =====
[2025-08-16T01:31:26.5732015-04:00] PSVersion=5.1.19041.6216 root=C:\Users\kimhy\Desktop\StateID-App
[2025-08-16T01:31:27.1373161-04:00] No conflicting listener on 8787 (or it is our own pid=2052).
[2025-08-16T01:31:27.1529368-04:00] ENV WRITE_IDS=false PORT=8787
[2025-08-16T01:31:27.1841852-04:00] Node path=C:\Program Files\nodejs\node.exe version=v22.16.0
[2025-08-16T01:31:27.3091867-04:00] Starting background job 'StateID-Node'...
[2025-08-16T01:31:27.4029482-04:00] Job started: Id=3 State=Running
[2025-08-16T01:31:28.0423978-04:00] healthz ok on try=0
[2025-08-16T01:31:28.0440065-04:00] Server is healthy.
[2025-08-16T01:31:28.0440065-04:00] Exiting server-run.ps1 with code 0 (worker will idle).
[2025-08-16T01:31:30.0610581-04:00] ===== server-run start =====
[2025-08-16T01:31:30.0860613-04:00] PSVersion=5.1.19041.6216 root=C:\Users\kimhy\Desktop\StateID-App
[2025-08-16T01:31:30.5852620-04:00] No conflicting listener on 8787 (or it is our own pid=3600).
[2025-08-16T01:31:30.5852620-04:00] ENV WRITE_IDS=false PORT=8787
[2025-08-16T01:31:30.6165128-04:00] Node path=C:\Program Files\nodejs\node.exe version=v22.16.0
[2025-08-16T01:31:30.7415345-04:00] Starting background job 'StateID-Node'...
[2025-08-16T01:31:30.8352623-04:00] Job started: Id=3 State=Running
[2025-08-16T01:31:31.4504290-04:00] healthz ok on try=0
[2025-08-16T01:31:31.4525751-04:00] Server is healthy.
[2025-08-16T01:31:31.4544463-04:00] Exiting server-run.ps1 with code 0 (worker will idle).
[2025-08-16T01:31:33.5132637-04:00] ===== server-run start =====
[2025-08-16T01:31:33.5252652-04:00] PSVersion=5.1.19041.6216 root=C:\Users\kimhy\Desktop\StateID-App
[2025-08-16T01:31:34.0945658-04:00] No conflicting listener on 8787 (or it is our own pid=5352).
[2025-08-16T01:31:34.0966315-04:00] ENV WRITE_IDS=false PORT=8787
[2025-08-16T01:31:34.1274632-04:00] Node path=C:\Program Files\nodejs\node.exe version=v22.16.0
[2025-08-16T01:31:34.2754992-04:00] Starting background job 'StateID-Node'...
[2025-08-16T01:31:34.3964866-04:00] Job started: Id=3 State=Running
[2025-08-16T01:31:35.0227740-04:00] healthz ok on try=0
[2025-08-16T01:31:35.0227740-04:00] Server is healthy.
[2025-08-16T01:31:35.0227740-04:00] Exiting server-run.ps1 with code 0 (worker will idle).
[2025-08-16T01:31:37.0000797-04:00] ===== server-run start =====
[2025-08-16T01:31:37.0124607-04:00] PSVersion=5.1.19041.6216 root=C:\Users\kimhy\Desktop\StateID-App
[2025-08-16T01:31:37.5655212-04:00] No conflicting listener on 8787 (or it is our own pid=11448).
[2025-08-16T01:31:37.5688118-04:00] ENV WRITE_IDS=false PORT=8787
[2025-08-16T01:31:37.6006236-04:00] Node path=C:\Program Files\nodejs\node.exe version=v22.16.0
[2025-08-16T01:31:37.7426324-04:00] Starting background job 'StateID-Node'...
[2025-08-16T01:31:37.8653852-04:00] Job started: Id=3 State=Running
[2025-08-16T01:31:38.4488775-04:00] healthz ok on try=0
[2025-08-16T01:31:38.4511930-04:00] Server is healthy.
[2025-08-16T01:31:38.4924051-04:00] Exiting server-run.ps1 with code 0 (worker will idle).
[2025-08-16T01:31:40.4502346-04:00] ===== server-run start =====
[2025-08-16T01:31:40.4502346-04:00] PSVersion=5.1.19041.6216 root=C:\Users\kimhy\Desktop\StateID-App
[2025-08-16T01:31:41.0015912-04:00] No conflicting listener on 8787 (or it is our own pid=12284).
[2025-08-16T01:31:41.0015912-04:00] ENV WRITE_IDS=false PORT=8787
[2025-08-16T01:31:41.0328409-04:00] Node path=C:\Program Files\nodejs\node.exe version=v22.16.0
[2025-08-16T01:31:41.1631241-04:00] Starting background job 'StateID-Node'...
[2025-08-16T01:31:41.2724990-04:00] Job started: Id=3 State=Running
[2025-08-16T01:31:41.8350368-04:00] healthz ok on try=0
[2025-08-16T01:31:41.8350368-04:00] Server is healthy.
[2025-08-16T01:31:41.8350368-04:00] Exiting server-run.ps1 with code 0 (worker will idle).
[2025-08-16T01:31:43.7982135-04:00] ===== server-run start =====
[2025-08-16T01:31:43.8138612-04:00] PSVersion=5.1.19041.6216 root=C:\Users\kimhy\Desktop\StateID-App
[2025-08-16T01:31:44.5153735-04:00] No conflicting listener on 8787 (or it is our own pid=10620).
[2025-08-16T01:31:44.5153735-04:00] ENV WRITE_IDS=false PORT=8787
[2025-08-16T01:31:44.5466255-04:00] Node path=C:\Program Files\nodejs\node.exe version=v22.16.0
[2025-08-16T01:31:44.6759818-04:00] Starting background job 'StateID-Node'...
[2025-08-16T01:31:44.7853579-04:00] Job started: Id=3 State=Running
[2025-08-16T01:31:45.3815217-04:00] healthz ok on try=0
[2025-08-16T01:31:45.3815217-04:00] Server is healthy.
[2025-08-16T01:31:45.3971130-04:00] Exiting server-run.ps1 with code 0 (worker will idle).
[2025-08-16T01:31:47.3616799-04:00] ===== server-run start =====
[2025-08-16T01:31:47.3746168-04:00] PSVersion=5.1.19041.6216 root=C:\Users\kimhy\Desktop\StateID-App
[2025-08-16T01:31:47.8749456-04:00] No conflicting listener on 8787 (or it is our own pid=10660).
[2025-08-16T01:31:47.8905974-04:00] ENV WRITE_IDS=false PORT=8787
[2025-08-16T01:31:47.9061966-04:00] Node path=C:\Program Files\nodejs\node.exe version=v22.16.0
[2025-08-16T01:31:48.0398385-04:00] Starting background job 'StateID-Node'...
[2025-08-16T01:31:48.1633842-04:00] Job started: Id=3 State=Running
[2025-08-16T01:31:48.7815849-04:00] healthz ok on try=0
[2025-08-16T01:31:48.7825842-04:00] Server is healthy.
[2025-08-16T01:31:48.7835863-04:00] Exiting server-run.ps1 with code 0 (worker will idle).
[2025-08-16T01:31:50.7074854-04:00] ===== server-run start =====
[2025-08-16T01:31:50.7184243-04:00] PSVersion=5.1.19041.6216 root=C:\Users\kimhy\Desktop\StateID-App
[2025-08-16T01:31:51.2504605-04:00] No conflicting listener on 8787 (or it is our own pid=8180).
[2025-08-16T01:31:51.2524885-04:00] ENV WRITE_IDS=false PORT=8787
[2025-08-16T01:31:51.2843883-04:00] Node path=C:\Program Files\nodejs\node.exe version=v22.16.0
[2025-08-16T01:31:51.4164714-04:00] Starting background job 'StateID-Node'...
[2025-08-16T01:31:51.5239425-04:00] Job started: Id=3 State=Running
[2025-08-16T01:31:52.1508158-04:00] healthz ok on try=0
[2025-08-16T01:31:52.1517907-04:00] Server is healthy.
[2025-08-16T01:31:52.1528164-04:00] Exiting server-run.ps1 with code 0 (worker will idle).
[2025-08-16T01:31:54.0685046-04:00] ===== server-run start =====
[2025-08-16T01:31:54.0782409-04:00] PSVersion=5.1.19041.6216 root=C:\Users\kimhy\Desktop\StateID-App
[2025-08-16T01:31:54.6032190-04:00] No conflicting listener on 8787 (or it is our own pid=4636).
[2025-08-16T01:31:54.6052165-04:00] ENV WRITE_IDS=false PORT=8787
[2025-08-16T01:31:54.6275987-04:00] Node path=C:\Program Files\nodejs\node.exe version=v22.16.0
[2025-08-16T01:31:54.7743953-04:00] Starting background job 'StateID-Node'...
[2025-08-16T01:31:54.9014826-04:00] Job started: Id=3 State=Running
[2025-08-16T01:31:55.5076051-04:00] healthz ok on try=0
[2025-08-16T01:31:55.5291917-04:00] Server is healthy.
[2025-08-16T01:31:55.5291917-04:00] Exiting server-run.ps1 with code 0 (worker will idle).
[2025-08-16T01:31:57.6432427-04:00] ===== server-run start =====
[2025-08-16T01:31:57.6588666-04:00] PSVersion=5.1.19041.6216 root=C:\Users\kimhy\Desktop\StateID-App
[2025-08-16T01:31:58.1778125-04:00] No conflicting listener on 8787 (or it is our own pid=1964).
[2025-08-16T01:31:58.1778125-04:00] ENV WRITE_IDS=false PORT=8787
[2025-08-16T01:31:58.2090283-04:00] Node path=C:\Program Files\nodejs\node.exe version=v22.16.0
[2025-08-16T01:31:58.3339730-04:00] Starting background job 'StateID-Node'...
[2025-08-16T01:31:58.4411872-04:00] Job started: Id=3 State=Running
[2025-08-16T01:31:59.0609297-04:00] healthz ok on try=0
[2025-08-16T01:31:59.0609297-04:00] Server is healthy.
[2025-08-16T01:31:59.0609297-04:00] Exiting server-run.ps1 with code 0 (worker will idle).
[2025-08-16T01:32:00.7696207-04:00] ===== server-run start =====
[2025-08-16T01:32:00.7696207-04:00] PSVersion=5.1.19041.6216 root=C:\Users\kimhy\Desktop\StateID-App
[2025-08-16T01:32:01.2573233-04:00] No conflicting listener on 8787 (or it is our own pid=5484).
[2025-08-16T01:32:01.2573233-04:00] ENV WRITE_IDS=false PORT=8787
[2025-08-16T01:32:01.2886183-04:00] Node path=C:\Program Files\nodejs\node.exe version=v22.16.0
[2025-08-16T01:32:01.4135972-04:00] Starting background job 'StateID-Node'...
[2025-08-16T01:32:01.5073246-04:00] Job started: Id=3 State=Running
[2025-08-16T01:32:02.1103936-04:00] healthz ok on try=0
[2025-08-16T01:32:02.1455447-04:00] Server is healthy.
[2025-08-16T01:32:02.1475343-04:00] Exiting server-run.ps1 with code 0 (worker will idle).
[2025-08-16T01:32:03.9392892-04:00] ===== server-run start =====
[2025-08-16T01:32:03.9549137-04:00] PSVersion=5.1.19041.6216 root=C:\Users\kimhy\Desktop\StateID-App
[2025-08-16T01:32:04.4466035-04:00] No conflicting listener on 8787 (or it is our own pid=4728).
[2025-08-16T01:32:04.4466035-04:00] ENV WRITE_IDS=false PORT=8787
[2025-08-16T01:32:04.4778511-04:00] Node path=C:\Program Files\nodejs\node.exe version=v22.16.0
[2025-08-16T01:32:04.6028612-04:00] Starting background job 'StateID-Node'...
[2025-08-16T01:32:04.6965757-04:00] Job started: Id=3 State=Running
[2025-08-16T01:32:05.3063182-04:00] healthz ok on try=0
[2025-08-16T01:32:05.3083191-04:00] Server is healthy.
[2025-08-16T01:32:05.3093189-04:00] Exiting server-run.ps1 with code 0 (worker will idle).
[2025-08-16T01:32:07.1238269-04:00] ===== server-run start =====
[2025-08-16T01:32:07.1238269-04:00] PSVersion=5.1.19041.6216 root=C:\Users\kimhy\Desktop\StateID-App
[2025-08-16T01:32:07.6118312-04:00] No conflicting listener on 8787 (or it is our own pid=5100).
[2025-08-16T01:32:07.6118312-04:00] ENV WRITE_IDS=false PORT=8787
[2025-08-16T01:32:07.6430807-04:00] Node path=C:\Program Files\nodejs\node.exe version=v22.16.0
[2025-08-16T01:32:07.7524853-04:00] Starting background job 'StateID-Node'...
[2025-08-16T01:32:07.8618740-04:00] Job started: Id=3 State=Running
[2025-08-16T01:32:08.4524627-04:00] healthz ok on try=0
[2025-08-16T01:32:08.4524627-04:00] Server is healthy.
[2025-08-16T01:32:08.4938176-04:00] Exiting server-run.ps1 with code 0 (worker will idle).
[2025-08-16T01:32:10.2878705-04:00] ===== server-run start =====
[2025-08-16T01:32:10.2991281-04:00] PSVersion=5.1.19041.6216 root=C:\Users\kimhy\Desktop\StateID-App
[2025-08-16T01:32:10.7816798-04:00] No conflicting listener on 8787 (or it is our own pid=11688).
[2025-08-16T01:32:10.7816798-04:00] ENV WRITE_IDS=false PORT=8787
[2025-08-16T01:32:10.8129076-04:00] Node path=C:\Program Files\nodejs\node.exe version=v22.16.0
[2025-08-16T01:32:10.9222895-04:00] Starting background job 'StateID-Node'...
[2025-08-16T01:32:11.0316579-04:00] Job started: Id=3 State=Running
[2025-08-16T01:32:11.6269489-04:00] healthz ok on try=0
[2025-08-16T01:32:11.6615648-04:00] Server is healthy.
[2025-08-16T01:32:11.6615648-04:00] Exiting server-run.ps1 with code 0 (worker will idle).
[2025-08-16T01:32:13.4637344-04:00] ===== server-run start =====
[2025-08-16T01:32:13.4793573-04:00] PSVersion=5.1.19041.6216 root=C:\Users\kimhy\Desktop\StateID-App
[2025-08-16T01:32:13.9897059-04:00] No conflicting listener on 8787 (or it is our own pid=6048).
[2025-08-16T01:32:13.9927884-04:00] ENV WRITE_IDS=false PORT=8787
[2025-08-16T01:32:14.0213297-04:00] Node path=C:\Program Files\nodejs\node.exe version=v22.16.0
[2025-08-16T01:32:14.1394596-04:00] Starting background job 'StateID-Node'...
[2025-08-16T01:32:14.2488361-04:00] Job started: Id=3 State=Running
[2025-08-16T01:32:14.8669044-04:00] healthz ok on try=0
[2025-08-16T01:32:14.8679052-04:00] Server is healthy.
[2025-08-16T01:32:14.8688766-04:00] Exiting server-run.ps1 with code 0 (worker will idle).
[2025-08-16T01:32:16.6202174-04:00] ===== server-run start =====
[2025-08-16T01:32:16.6358410-04:00] PSVersion=5.1.19041.6216 root=C:\Users\kimhy\Desktop\StateID-App
[2025-08-16T01:32:17.1192978-04:00] No conflicting listener on 8787 (or it is our own pid=10820).
[2025-08-16T01:32:17.1192978-04:00] ENV WRITE_IDS=false PORT=8787
[2025-08-16T01:32:17.1505459-04:00] Node path=C:\Program Files\nodejs\node.exe version=v22.16.0
[2025-08-16T01:32:17.2755483-04:00] Starting background job 'StateID-Node'...
[2025-08-16T01:32:17.3693000-04:00] Job started: Id=3 State=Running
[2025-08-16T01:32:17.9840697-04:00] healthz ok on try=0
[2025-08-16T01:32:17.9850709-04:00] Server is healthy.
[2025-08-16T01:32:17.9860614-04:00] Exiting server-run.ps1 with code 0 (worker will idle).
[2025-08-16T01:32:19.7240354-04:00] ===== server-run start =====
[2025-08-16T01:32:19.7396673-04:00] PSVersion=5.1.19041.6216 root=C:\Users\kimhy\Desktop\StateID-App
[2025-08-16T01:32:20.2447119-04:00] No conflicting listener on 8787 (or it is our own pid=3020).
[2025-08-16T01:32:20.2447119-04:00] ENV WRITE_IDS=false PORT=8787
[2025-08-16T01:32:20.2823698-04:00] Node path=C:\Program Files\nodejs\node.exe version=v22.16.0
[2025-08-16T01:32:20.4096141-04:00] Starting background job 'StateID-Node'...
[2025-08-16T01:32:20.5072276-04:00] Job started: Id=3 State=Running
[2025-08-16T01:32:21.1042726-04:00] healthz ok on try=0
[2025-08-16T01:32:21.1042726-04:00] Server is healthy.
[2025-08-16T01:32:21.1042726-04:00] Exiting server-run.ps1 with code 0 (worker will idle).
[2025-08-16T01:32:23.1133983-04:00] ===== server-run start =====
[2025-08-16T01:32:23.1254205-04:00] PSVersion=5.1.19041.6216 root=C:\Users\kimhy\Desktop\StateID-App
[2025-08-16T01:32:23.6139806-04:00] No conflicting listener on 8787 (or it is our own pid=8256).
[2025-08-16T01:32:23.6295759-04:00] ENV WRITE_IDS=false PORT=8787
[2025-08-16T01:32:23.6451991-04:00] Node path=C:\Program Files\nodejs\node.exe version=v22.16.0
[2025-08-16T01:32:23.7701994-04:00] Starting background job 'StateID-Node'...
[2025-08-16T01:32:23.8815542-04:00] Job started: Id=3 State=Running
[2025-08-16T01:32:24.4476217-04:00] healthz ok on try=0
[2025-08-16T01:32:24.4788518-04:00] Server is healthy.
[2025-08-16T01:32:24.4944651-04:00] Exiting server-run.ps1 with code 0 (worker will idle).
[2025-08-16T01:32:26.2255898-04:00] ===== server-run start =====
[2025-08-16T01:32:26.2255898-04:00] PSVersion=5.1.19041.6216 root=C:\Users\kimhy\Desktop\StateID-App
[2025-08-16T01:32:26.7842658-04:00] No conflicting listener on 8787 (or it is our own pid=7984).
[2025-08-16T01:32:26.7842658-04:00] ENV WRITE_IDS=false PORT=8787
[2025-08-16T01:32:26.8155167-04:00] Node path=C:\Program Files\nodejs\node.exe version=v22.16.0
[2025-08-16T01:32:26.9412401-04:00] Starting background job 'StateID-Node'...
[2025-08-16T01:32:27.0475272-04:00] Job started: Id=3 State=Running
[2025-08-16T01:32:27.6646617-04:00] healthz ok on try=0
[2025-08-16T01:32:27.6646617-04:00] Server is healthy.
[2025-08-16T01:32:27.6646617-04:00] Exiting server-run.ps1 with code 0 (worker will idle).
[2025-08-16T01:32:29.4204681-04:00] ===== server-run start =====
[2025-08-16T01:32:29.4204681-04:00] PSVersion=5.1.19041.6216 root=C:\Users\kimhy\Desktop\StateID-App
[2025-08-16T01:32:29.9085901-04:00] No conflicting listener on 8787 (or it is our own pid=11012).
[2025-08-16T01:32:29.9085901-04:00] ENV WRITE_IDS=false PORT=8787
[2025-08-16T01:32:29.9398165-04:00] Node path=C:\Program Files\nodejs\node.exe version=v22.16.0
[2025-08-16T01:32:30.0679860-04:00] Starting background job 'StateID-Node'...
[2025-08-16T01:32:30.1658612-04:00] Job started: Id=3 State=Running
[2025-08-16T01:32:30.7371980-04:00] healthz ok on try=0
[2025-08-16T01:32:30.7815416-04:00] Server is healthy.
[2025-08-16T01:32:30.7825414-04:00] Exiting server-run.ps1 with code 0 (worker will idle).
[2025-08-16T01:32:32.8526260-04:00] ===== server-run start =====
[2025-08-16T01:32:32.8568443-04:00] PSVersion=5.1.19041.6216 root=C:\Users\kimhy\Desktop\StateID-App
[2025-08-16T01:32:33.4231628-04:00] No conflicting listener on 8787 (or it is our own pid=7660).
[2025-08-16T01:32:33.4255659-04:00] ENV WRITE_IDS=false PORT=8787
[2025-08-16T01:32:33.4579092-04:00] Node path=C:\Program Files\nodejs\node.exe version=v22.16.0
[2025-08-16T01:32:33.8134061-04:00] Starting background job 'StateID-Node'...
[2025-08-16T01:32:33.9037277-04:00] Job started: Id=3 State=Running
[2025-08-16T01:32:34.5285572-04:00] healthz ok on try=0
[2025-08-16T01:32:34.5304684-04:00] Server is healthy.
[2025-08-16T01:32:34.5314835-04:00] Exiting server-run.ps1 with code 0 (worker will idle).
[2025-08-16T01:32:36.5567693-04:00] ===== server-run start =====
[2025-08-16T01:32:36.5567693-04:00] PSVersion=5.1.19041.6216 root=C:\Users\kimhy\Desktop\StateID-App
[2025-08-16T01:32:37.0882256-04:00] No conflicting listener on 8787 (or it is our own pid=10716).
[2025-08-16T01:32:37.0905596-04:00] ENV WRITE_IDS=false PORT=8787
[2025-08-16T01:32:37.1192181-04:00] Node path=C:\Program Files\nodejs\node.exe version=v22.16.0
[2025-08-16T01:32:37.2479461-04:00] Starting background job 'StateID-Node'...
[2025-08-16T01:32:37.3644235-04:00] Job started: Id=3 State=Running
[2025-08-16T01:32:38.0087716-04:00] healthz ok on try=0
[2025-08-16T01:32:38.0097698-04:00] Server is healthy.
[2025-08-16T01:32:38.0107409-04:00] Exiting server-run.ps1 with code 0 (worker will idle).
[2025-08-16T01:32:40.0278812-04:00] ===== server-run start =====
[2025-08-16T01:32:40.0370916-04:00] PSVersion=5.1.19041.6216 root=C:\Users\kimhy\Desktop\StateID-App
[2025-08-16T01:32:40.5197817-04:00] No conflicting listener on 8787 (or it is our own pid=12116).
[2025-08-16T01:32:40.5197817-04:00] ENV WRITE_IDS=false PORT=8787
[2025-08-16T01:32:40.5510058-04:00] Node path=C:\Program Files\nodejs\node.exe version=v22.16.0
[2025-08-16T01:32:40.6760036-04:00] Starting background job 'StateID-Node'...
[2025-08-16T01:32:40.7758386-04:00] Job started: Id=3 State=Running
[2025-08-16T01:32:41.3718495-04:00] healthz ok on try=0
[2025-08-16T01:32:41.3728509-04:00] Server is healthy.
[2025-08-16T01:32:41.3939658-04:00] Exiting server-run.ps1 with code 0 (worker will idle).
[2025-08-16T01:32:43.3744226-04:00] ===== server-run start =====
[2025-08-16T01:32:43.3900586-04:00] PSVersion=5.1.19041.6216 root=C:\Users\kimhy\Desktop\StateID-App
[2025-08-16T01:32:43.8704604-04:00] No conflicting listener on 8787 (or it is our own pid=8704).
[2025-08-16T01:32:43.8860563-04:00] ENV WRITE_IDS=false PORT=8787
[2025-08-16T01:32:43.9186545-04:00] Node path=C:\Program Files\nodejs\node.exe version=v22.16.0
[2025-08-16T01:32:44.0450600-04:00] Starting background job 'StateID-Node'...
[2025-08-16T01:32:44.1449813-04:00] Job started: Id=3 State=Running
[2025-08-16T01:32:44.7504421-04:00] healthz ok on try=0
[2025-08-16T01:32:44.7504421-04:00] Server is healthy.
[2025-08-16T01:32:44.7504421-04:00] Exiting server-run.ps1 with code 0 (worker will idle).
[2025-08-16T01:32:46.7376107-04:00] ===== server-run start =====
[2025-08-16T01:32:46.7478248-04:00] PSVersion=5.1.19041.6216 root=C:\Users\kimhy\Desktop\StateID-App
[2025-08-16T01:32:47.5305541-04:00] No conflicting listener on 8787 (or it is our own pid=2612).
[2025-08-16T01:32:47.5305541-04:00] ENV WRITE_IDS=false PORT=8787
[2025-08-16T01:32:47.5670882-04:00] Node path=C:\Program Files\nodejs\node.exe version=v22.16.0
[2025-08-16T01:32:47.6959278-04:00] Starting background job 'StateID-Node'...
[2025-08-16T01:32:47.8183442-04:00] Job started: Id=3 State=Running
[2025-08-16T01:32:48.4333073-04:00] healthz ok on try=0
[2025-08-16T01:32:48.4343090-04:00] Server is healthy.
[2025-08-16T01:32:48.4353377-04:00] Exiting server-run.ps1 with code 0 (worker will idle).
[2025-08-16T01:32:50.4309498-04:00] ===== server-run start =====
[2025-08-16T01:32:50.4309498-04:00] PSVersion=5.1.19041.6216 root=C:\Users\kimhy\Desktop\StateID-App
[2025-08-16T01:32:50.9797666-04:00] No conflicting listener on 8787 (or it is our own pid=12516).
[2025-08-16T01:32:50.9797666-04:00] ENV WRITE_IDS=false PORT=8787
[2025-08-16T01:32:50.9953586-04:00] Node path=C:\Program Files\nodejs\node.exe version=v22.16.0
[2025-08-16T01:32:51.1203596-04:00] Starting background job 'StateID-Node'...
[2025-08-16T01:32:51.2330645-04:00] Job started: Id=3 State=Running
[2025-08-16T01:32:51.8460901-04:00] healthz ok on try=0
[2025-08-16T01:32:51.8460901-04:00] Server is healthy.
[2025-08-16T01:32:51.8773516-04:00] Exiting server-run.ps1 with code 0 (worker will idle).
[2025-08-16T01:32:53.7175800-04:00] ===== server-run start =====
[2025-08-16T01:32:53.7332070-04:00] PSVersion=5.1.19041.6216 root=C:\Users\kimhy\Desktop\StateID-App
[2025-08-16T01:32:54.3224444-04:00] No conflicting listener on 8787 (or it is our own pid=1068).
[2025-08-16T01:32:54.3244463-04:00] ENV WRITE_IDS=false PORT=8787
[2025-08-16T01:32:54.3553615-04:00] Node path=C:\Program Files\nodejs\node.exe version=v22.16.0
[2025-08-16T01:32:54.4902795-04:00] Starting background job 'StateID-Node'...
[2025-08-16T01:32:54.6013100-04:00] Job started: Id=3 State=Running
[2025-08-16T01:32:55.1907148-04:00] healthz ok on try=0
[2025-08-16T01:32:55.1914613-04:00] Server is healthy.
[2025-08-16T01:32:55.2324789-04:00] Exiting server-run.ps1 with code 0 (worker will idle).
[2025-08-16T01:32:57.0455224-04:00] ===== server-run start =====
[2025-08-16T01:32:57.0576934-04:00] PSVersion=5.1.19041.6216 root=C:\Users\kimhy\Desktop\StateID-App
[2025-08-16T01:32:57.5936254-04:00] No conflicting listener on 8787 (or it is our own pid=8256).
[2025-08-16T01:32:57.5946576-04:00] ENV WRITE_IDS=false PORT=8787
[2025-08-16T01:32:57.6260192-04:00] Node path=C:\Program Files\nodejs\node.exe version=v22.16.0
[2025-08-16T01:32:57.7685887-04:00] Starting background job 'StateID-Node'...
[2025-08-16T01:32:57.8855147-04:00] Job started: Id=3 State=Running
[2025-08-16T01:32:58.5035445-04:00] healthz ok on try=0
[2025-08-16T01:32:58.5050021-04:00] Server is healthy.
[2025-08-16T01:32:58.5068273-04:00] Exiting server-run.ps1 with code 0 (worker will idle).
[2025-08-16T01:33:00.8268585-04:00] ===== server-run start =====
[2025-08-16T01:33:00.8365481-04:00] PSVersion=5.1.19041.6216 root=C:\Users\kimhy\Desktop\StateID-App
[2025-08-16T01:33:01.3806621-04:00] No conflicting listener on 8787 (or it is our own pid=5548).
[2025-08-16T01:33:01.3826310-04:00] ENV WRITE_IDS=false PORT=8787
[2025-08-16T01:33:01.4097084-04:00] Node path=C:\Program Files\nodejs\node.exe version=v22.16.0
[2025-08-16T01:33:01.5348885-04:00] Starting background job 'StateID-Node'...
[2025-08-16T01:33:01.6464335-04:00] Job started: Id=3 State=Running
[2025-08-16T01:33:02.2866218-04:00] healthz ok on try=0
[2025-08-16T01:33:02.2876220-04:00] Server is healthy.
[2025-08-16T01:33:02.2896052-04:00] Exiting server-run.ps1 with code 0 (worker will idle).
[2025-08-16T01:33:04.3045784-04:00] ===== server-run start =====
[2025-08-16T01:33:04.3158280-04:00] PSVersion=5.1.19041.6216 root=C:\Users\kimhy\Desktop\StateID-App
[2025-08-16T01:33:04.8544302-04:00] No conflicting listener on 8787 (or it is our own pid=4888).
[2025-08-16T01:33:04.8564544-04:00] ENV WRITE_IDS=false PORT=8787
[2025-08-16T01:33:04.8881044-04:00] Node path=C:\Program Files\nodejs\node.exe version=v22.16.0
[2025-08-16T01:33:05.0069485-04:00] Starting background job 'StateID-Node'...
[2025-08-16T01:33:05.1312581-04:00] Job started: Id=3 State=Running
[2025-08-16T01:33:05.7429802-04:00] healthz ok on try=0
[2025-08-16T01:33:05.7429802-04:00] Server is healthy.
[2025-08-16T01:33:05.7429802-04:00] Exiting server-run.ps1 with code 0 (worker will idle).
[2025-08-16T01:33:07.6323569-04:00] ===== server-run start =====
[2025-08-16T01:33:07.6323569-04:00] PSVersion=5.1.19041.6216 root=C:\Users\kimhy\Desktop\StateID-App
[2025-08-16T01:33:08.1600184-04:00] No conflicting listener on 8787 (or it is our own pid=5628).
[2025-08-16T01:33:08.1600184-04:00] ENV WRITE_IDS=false PORT=8787
[2025-08-16T01:33:08.1756566-04:00] Node path=C:\Program Files\nodejs\node.exe version=v22.16.0
[2025-08-16T01:33:08.3103871-04:00] Starting background job 'StateID-Node'...
[2025-08-16T01:33:08.4136429-04:00] Job started: Id=3 State=Running
[2025-08-16T01:33:09.0242028-04:00] healthz ok on try=0
[2025-08-16T01:33:09.0242028-04:00] Server is healthy.
[2025-08-16T01:33:09.0242028-04:00] Exiting server-run.ps1 with code 0 (worker will idle).
[2025-08-16T01:33:10.7834288-04:00] ===== server-run start =====
[2025-08-16T01:33:10.7834288-04:00] PSVersion=5.1.19041.6216 root=C:\Users\kimhy\Desktop\StateID-App
[2025-08-16T01:33:11.5612540-04:00] No conflicting listener on 8787 (or it is our own pid=7120).
[2025-08-16T01:33:11.5612540-04:00] ENV WRITE_IDS=false PORT=8787
[2025-08-16T01:33:11.6027971-04:00] Node path=C:\Program Files\nodejs\node.exe version=v22.16.0
[2025-08-16T01:33:11.7352067-04:00] Starting background job 'StateID-Node'...
[2025-08-16T01:33:11.8462848-04:00] Job started: Id=3 State=Running
[2025-08-16T01:33:12.4464036-04:00] healthz ok on try=0
[2025-08-16T01:33:12.4932475-04:00] Server is healthy.
[2025-08-16T01:33:12.4932475-04:00] Exiting server-run.ps1 with code 0 (worker will idle).
[2025-08-16T01:33:14.3654297-04:00] ===== server-run start =====
[2025-08-16T01:33:14.3810982-04:00] PSVersion=5.1.19041.6216 root=C:\Users\kimhy\Desktop\StateID-App
[2025-08-16T01:33:14.8835594-04:00] No conflicting listener on 8787 (or it is our own pid=7096).
[2025-08-16T01:33:14.8835594-04:00] ENV WRITE_IDS=false PORT=8787
[2025-08-16T01:33:14.9148104-04:00] Node path=C:\Program Files\nodejs\node.exe version=v22.16.0
[2025-08-16T01:33:15.0242122-04:00] Starting background job 'StateID-Node'...
[2025-08-16T01:33:15.1335854-04:00] Job started: Id=3 State=Running
[2025-08-16T01:33:15.7330370-04:00] healthz ok on try=0
[2025-08-16T01:33:15.7330370-04:00] Server is healthy.
[2025-08-16T01:33:15.7330370-04:00] Exiting server-run.ps1 with code 0 (worker will idle).
[2025-08-16T01:33:17.6381268-04:00] ===== server-run start =====
[2025-08-16T01:33:17.6537509-04:00] PSVersion=5.1.19041.6216 root=C:\Users\kimhy\Desktop\StateID-App
[2025-08-16T01:33:18.1769049-04:00] No conflicting listener on 8787 (or it is our own pid=5716).
[2025-08-16T01:33:18.1789057-04:00] ENV WRITE_IDS=false PORT=8787
[2025-08-16T01:33:18.2083380-04:00] Node path=C:\Program Files\nodejs\node.exe version=v22.16.0
[2025-08-16T01:33:18.3406652-04:00] Starting background job 'StateID-Node'...
[2025-08-16T01:33:18.4732548-04:00] Job started: Id=3 State=Running
[2025-08-16T01:33:19.5686892-04:00] healthz ok on try=0
[2025-08-16T01:33:19.5686892-04:00] Server is healthy.
[2025-08-16T01:33:19.5843065-04:00] Exiting server-run.ps1 with code 0 (worker will idle).
[2025-08-16T01:33:21.3811690-04:00] ===== server-run start =====
[2025-08-16T01:33:21.3917515-04:00] PSVersion=5.1.19041.6216 root=C:\Users\kimhy\Desktop\StateID-App
[2025-08-16T01:33:21.9236883-04:00] No conflicting listener on 8787 (or it is our own pid=10468).
[2025-08-16T01:33:21.9256487-04:00] ENV WRITE_IDS=false PORT=8787
[2025-08-16T01:33:21.9577351-04:00] Node path=C:\Program Files\nodejs\node.exe version=v22.16.0
[2025-08-16T01:33:22.0951971-04:00] Starting background job 'StateID-Node'...
[2025-08-16T01:33:22.2119207-04:00] Job started: Id=3 State=Running
[2025-08-16T01:33:23.3400217-04:00] healthz ok on try=0
[2025-08-16T01:33:23.3410223-04:00] Server is healthy.
[2025-08-16T01:33:23.3420228-04:00] Exiting server-run.ps1 with code 0 (worker will idle).
[2025-08-16T01:33:25.2453235-04:00] ===== server-run start =====
[2025-08-16T01:33:25.2570129-04:00] PSVersion=5.1.19041.6216 root=C:\Users\kimhy\Desktop\StateID-App
[2025-08-16T01:33:25.8235552-04:00] No conflicting listener on 8787 (or it is our own pid=10052).
[2025-08-16T01:33:25.8404928-04:00] ENV WRITE_IDS=false PORT=8787
[2025-08-16T01:33:25.8726550-04:00] Node path=C:\Program Files\nodejs\node.exe version=v22.16.0
[2025-08-16T01:33:26.0069895-04:00] Starting background job 'StateID-Node'...
[2025-08-16T01:33:26.1237049-04:00] Job started: Id=3 State=Running
[2025-08-16T01:33:26.8913531-04:00] healthz ok on try=0
[2025-08-16T01:33:26.9277145-04:00] Server is healthy.
[2025-08-16T01:33:26.9287158-04:00] Exiting server-run.ps1 with code 0 (worker will idle).
[2025-08-16T01:33:28.8991116-04:00] ===== server-run start =====
[2025-08-16T01:33:28.9103923-04:00] PSVersion=5.1.19041.6216 root=C:\Users\kimhy\Desktop\StateID-App
[2025-08-16T01:33:29.4639714-04:00] No conflicting listener on 8787 (or it is our own pid=13208).
[2025-08-16T01:33:29.4659803-04:00] ENV WRITE_IDS=false PORT=8787
[2025-08-16T01:33:29.4951485-04:00] Node path=C:\Program Files\nodejs\node.exe version=v22.16.0
[2025-08-16T01:33:29.6239236-04:00] Starting background job 'StateID-Node'...
[2025-08-16T01:33:29.7362841-04:00] Job started: Id=3 State=Running
[2025-08-16T01:33:30.3603756-04:00] healthz ok on try=0
[2025-08-16T01:33:30.3623741-04:00] Server is healthy.
[2025-08-16T01:33:30.3633739-04:00] Exiting server-run.ps1 with code 0 (worker will idle).
[2025-08-16T01:33:32.2196135-04:00] ===== server-run start =====
[2025-08-16T01:33:32.2303135-04:00] PSVersion=5.1.19041.6216 root=C:\Users\kimhy\Desktop\StateID-App
[2025-08-16T01:33:32.7503867-04:00] No conflicting listener on 8787 (or it is our own pid=8856).
[2025-08-16T01:33:32.7523885-04:00] ENV WRITE_IDS=false PORT=8787
[2025-08-16T01:33:32.7807586-04:00] Node path=C:\Program Files\nodejs\node.exe version=v22.16.0
[2025-08-16T01:33:32.9094682-04:00] Starting background job 'StateID-Node'...
[2025-08-16T01:33:33.0221589-04:00] Job started: Id=3 State=Running
[2025-08-16T01:33:33.5969400-04:00] healthz ok on try=0
[2025-08-16T01:33:33.6382936-04:00] Server is healthy.
[2025-08-16T01:33:33.6393104-04:00] Exiting server-run.ps1 with code 0 (worker will idle).
[2025-08-16T01:33:35.5248725-04:00] ===== server-run start =====
[2025-08-16T01:33:35.5365431-04:00] PSVersion=5.1.19041.6216 root=C:\Users\kimhy\Desktop\StateID-App
[2025-08-16T01:33:36.0782249-04:00] No conflicting listener on 8787 (or it is our own pid=2224).
[2025-08-16T01:33:36.0798747-04:00] ENV WRITE_IDS=false PORT=8787
[2025-08-16T01:33:36.1085358-04:00] Node path=C:\Program Files\nodejs\node.exe version=v22.16.0
[2025-08-16T01:33:36.2339620-04:00] Starting background job 'StateID-Node'...
[2025-08-16T01:33:36.3410444-04:00] Job started: Id=3 State=Running
[2025-08-16T01:33:36.9238274-04:00] healthz ok on try=0
[2025-08-16T01:33:36.9248040-04:00] Server is healthy.
[2025-08-16T01:33:36.9258020-04:00] Exiting server-run.ps1 with code 0 (worker will idle).
[2025-08-16T01:33:38.8230579-04:00] ===== server-run start =====
[2025-08-16T01:33:38.8337690-04:00] PSVersion=5.1.19041.6216 root=C:\Users\kimhy\Desktop\StateID-App
[2025-08-16T01:33:39.3647224-04:00] No conflicting listener on 8787 (or it is our own pid=8012).
[2025-08-16T01:33:39.3664469-04:00] ENV WRITE_IDS=false PORT=8787
[2025-08-16T01:33:39.3950727-04:00] Node path=C:\Program Files\nodejs\node.exe version=v22.16.0
[2025-08-16T01:33:39.5266126-04:00] Starting background job 'StateID-Node'...
[2025-08-16T01:33:39.6519321-04:00] Job started: Id=3 State=Running
[2025-08-16T01:33:40.2790818-04:00] healthz ok on try=0
[2025-08-16T01:33:40.2801077-04:00] Server is healthy.
[2025-08-16T01:33:40.2811065-04:00] Exiting server-run.ps1 with code 0 (worker will idle).
[2025-08-16T01:33:42.3127581-04:00] ===== server-run start =====
[2025-08-16T01:33:42.3243886-04:00] PSVersion=5.1.19041.6216 root=C:\Users\kimhy\Desktop\StateID-App
[2025-08-16T01:33:42.8434319-04:00] No conflicting listener on 8787 (or it is our own pid=5504).
[2025-08-16T01:33:42.8454069-04:00] ENV WRITE_IDS=false PORT=8787
[2025-08-16T01:33:42.8747785-04:00] Node path=C:\Program Files\nodejs\node.exe version=v22.16.0
[2025-08-16T01:33:43.0032486-04:00] Starting background job 'StateID-Node'...
[2025-08-16T01:33:43.1239325-04:00] Job started: Id=3 State=Running
[2025-08-16T01:33:43.7010285-04:00] healthz ok on try=0
[2025-08-16T01:33:43.7370619-04:00] Server is healthy.
[2025-08-16T01:33:43.7380619-04:00] Exiting server-run.ps1 with code 0 (worker will idle).
[2025-08-16T01:33:45.7016761-04:00] ===== server-run start =====
[2025-08-16T01:33:45.7130614-04:00] PSVersion=5.1.19041.6216 root=C:\Users\kimhy\Desktop\StateID-App
[2025-08-16T01:33:46.2396927-04:00] No conflicting listener on 8787 (or it is our own pid=604).
[2025-08-16T01:33:46.2416937-04:00] ENV WRITE_IDS=false PORT=8787
[2025-08-16T01:33:46.2700860-04:00] Node path=C:\Program Files\nodejs\node.exe version=v22.16.0
[2025-08-16T01:33:46.4018435-04:00] Starting background job 'StateID-Node'...
[2025-08-16T01:33:46.5125500-04:00] Job started: Id=3 State=Running
[2025-08-16T01:33:47.0903102-04:00] healthz ok on try=0
[2025-08-16T01:33:47.1287667-04:00] Server is healthy.
[2025-08-16T01:33:47.1297914-04:00] Exiting server-run.ps1 with code 0 (worker will idle).
[2025-08-16T01:33:49.0683401-04:00] ===== server-run start =====
[2025-08-16T01:33:49.0789780-04:00] PSVersion=5.1.19041.6216 root=C:\Users\kimhy\Desktop\StateID-App
[2025-08-16T01:33:49.6029854-04:00] No conflicting listener on 8787 (or it is our own pid=12492).
[2025-08-16T01:33:49.6058287-04:00] ENV WRITE_IDS=false PORT=8787
[2025-08-16T01:33:49.6353186-04:00] Node path=C:\Program Files\nodejs\node.exe version=v22.16.0
[2025-08-16T01:33:49.7657785-04:00] Starting background job 'StateID-Node'...
[2025-08-16T01:33:49.8814832-04:00] Job started: Id=3 State=Running
[2025-08-16T01:33:50.4985935-04:00] healthz ok on try=0
[2025-08-16T01:33:50.5005758-04:00] Server is healthy.
[2025-08-16T01:33:50.5015839-04:00] Exiting server-run.ps1 with code 0 (worker will idle).
[2025-08-16T01:33:52.4321756-04:00] ===== server-run start =====
[2025-08-16T01:33:52.4428840-04:00] PSVersion=5.1.19041.6216 root=C:\Users\kimhy\Desktop\StateID-App
[2025-08-16T01:33:52.9629323-04:00] No conflicting listener on 8787 (or it is our own pid=8740).
[2025-08-16T01:33:52.9649321-04:00] ENV WRITE_IDS=false PORT=8787
[2025-08-16T01:33:52.9942192-04:00] Node path=C:\Program Files\nodejs\node.exe version=v22.16.0
[2025-08-16T01:33:53.1229872-04:00] Starting background job 'StateID-Node'...
[2025-08-16T01:33:53.2347286-04:00] Job started: Id=3 State=Running
[2025-08-16T01:33:53.8174377-04:00] healthz ok on try=0
[2025-08-16T01:33:53.8184528-04:00] Server is healthy.
[2025-08-16T01:33:53.8194377-04:00] Exiting server-run.ps1 with code 0 (worker will idle).
[2025-08-16T01:33:55.7748029-04:00] ===== server-run start =====
[2025-08-16T01:33:55.7854340-04:00] PSVersion=5.1.19041.6216 root=C:\Users\kimhy\Desktop\StateID-App
[2025-08-16T01:33:56.4928860-04:00] No conflicting listener on 8787 (or it is our own pid=12368).
[2025-08-16T01:33:56.4945654-04:00] ENV WRITE_IDS=false PORT=8787
[2025-08-16T01:33:56.5242299-04:00] Node path=C:\Program Files\nodejs\node.exe version=v22.16.0
[2025-08-16T01:33:56.6536716-04:00] Starting background job 'StateID-Node'...
[2025-08-16T01:33:56.7604101-04:00] Job started: Id=3 State=Running
[2025-08-16T01:33:57.3875140-04:00] healthz ok on try=0
[2025-08-16T01:33:57.3895028-04:00] Server is healthy.
[2025-08-16T01:33:57.3905016-04:00] Exiting server-run.ps1 with code 0 (worker will idle).
[2025-08-16T01:33:59.5153286-04:00] ===== server-run start =====
[2025-08-16T01:33:59.5263118-04:00] PSVersion=5.1.19041.6216 root=C:\Users\kimhy\Desktop\StateID-App
[2025-08-16T01:34:00.0646279-04:00] No conflicting listener on 8787 (or it is our own pid=7180).
[2025-08-16T01:34:00.0666283-04:00] ENV WRITE_IDS=false PORT=8787
[2025-08-16T01:34:00.1019742-04:00] Node path=C:\Program Files\nodejs\node.exe version=v22.16.0
[2025-08-16T01:34:00.2324866-04:00] Starting background job 'StateID-Node'...
[2025-08-16T01:34:00.3434730-04:00] Job started: Id=3 State=Running
[2025-08-16T01:34:00.9802694-04:00] healthz ok on try=0
[2025-08-16T01:34:00.9802694-04:00] Server is healthy.
[2025-08-16T01:34:00.9802694-04:00] Exiting server-run.ps1 with code 0 (worker will idle).
[2025-08-16T01:34:02.9429757-04:00] ===== server-run start =====
[2025-08-16T01:34:02.9429757-04:00] PSVersion=5.1.19041.6216 root=C:\Users\kimhy\Desktop\StateID-App
[2025-08-16T01:34:03.4442153-04:00] No conflicting listener on 8787 (or it is our own pid=11408).
[2025-08-16T01:34:03.4442153-04:00] ENV WRITE_IDS=false PORT=8787
[2025-08-16T01:34:03.4754657-04:00] Node path=C:\Program Files\nodejs\node.exe version=v22.16.0
[2025-08-16T01:34:03.6019104-04:00] Starting background job 'StateID-Node'...
[2025-08-16T01:34:03.6959662-04:00] Job started: Id=3 State=Running
[2025-08-16T01:34:04.2961861-04:00] healthz ok on try=0
[2025-08-16T01:34:04.2972010-04:00] Server is healthy.
[2025-08-16T01:34:04.3343020-04:00] Exiting server-run.ps1 with code 0 (worker will idle).
[2025-08-16T01:34:06.2542647-04:00] ===== server-run start =====
[2025-08-16T01:34:06.2682336-04:00] PSVersion=5.1.19041.6216 root=C:\Users\kimhy\Desktop\StateID-App
[2025-08-16T01:34:06.7918245-04:00] No conflicting listener on 8787 (or it is our own pid=12100).
[2025-08-16T01:34:06.7938250-04:00] ENV WRITE_IDS=false PORT=8787
[2025-08-16T01:34:06.8170817-04:00] Node path=C:\Program Files\nodejs\node.exe version=v22.16.0
[2025-08-16T01:34:06.9582627-04:00] Starting background job 'StateID-Node'...
[2025-08-16T01:34:07.0756174-04:00] Job started: Id=3 State=Running
[2025-08-16T01:34:07.6511507-04:00] healthz ok on try=0
[2025-08-16T01:34:07.6870592-04:00] Server is healthy.
[2025-08-16T01:34:07.6888393-04:00] Exiting server-run.ps1 with code 0 (worker will idle).
[2025-08-16T01:34:09.8826707-04:00] ===== server-run start =====
[2025-08-16T01:34:09.8982974-04:00] PSVersion=5.1.19041.6216 root=C:\Users\kimhy\Desktop\StateID-App
[2025-08-16T01:34:10.4765259-04:00] No conflicting listener on 8787 (or it is our own pid=11144).
[2025-08-16T01:34:10.4784863-04:00] ENV WRITE_IDS=false PORT=8787
[2025-08-16T01:34:10.5064657-04:00] Node path=C:\Program Files\nodejs\node.exe version=v22.16.0
[2025-08-16T01:34:10.6197259-04:00] Starting background job 'StateID-Node'...
[2025-08-16T01:34:10.7465180-04:00] Job started: Id=3 State=Running
[2025-08-16T01:34:11.3493208-04:00] healthz ok on try=0
[2025-08-16T01:34:11.3844014-04:00] Server is healthy.
[2025-08-16T01:34:11.3863702-04:00] Exiting server-run.ps1 with code 0 (worker will idle).
[2025-08-16T01:34:13.4295814-04:00] ===== server-run start =====
[2025-08-16T01:34:13.4415658-04:00] PSVersion=5.1.19041.6216 root=C:\Users\kimhy\Desktop\StateID-App
[2025-08-16T01:34:13.9777197-04:00] No conflicting listener on 8787 (or it is our own pid=5624).
[2025-08-16T01:34:13.9797499-04:00] ENV WRITE_IDS=false PORT=8787
[2025-08-16T01:34:14.0107489-04:00] Node path=C:\Program Files\nodejs\node.exe version=v22.16.0
[2025-08-16T01:34:14.1525856-04:00] Starting background job 'StateID-Node'...
[2025-08-16T01:34:14.2664749-04:00] Job started: Id=3 State=Running
[2025-08-16T01:34:14.8913642-04:00] healthz ok on try=0
[2025-08-16T01:34:14.8923693-04:00] Server is healthy.
[2025-08-16T01:34:14.8943580-04:00] Exiting server-run.ps1 with code 0 (worker will idle).
[2025-08-16T01:34:16.8606767-04:00] ===== server-run start =====
[2025-08-16T01:34:16.8738203-04:00] PSVersion=5.1.19041.6216 root=C:\Users\kimhy\Desktop\StateID-App
[2025-08-16T01:34:17.4086570-04:00] No conflicting listener on 8787 (or it is our own pid=8168).
[2025-08-16T01:34:17.4106477-04:00] ENV WRITE_IDS=false PORT=8787
[2025-08-16T01:34:17.4403523-04:00] Node path=C:\Program Files\nodejs\node.exe version=v22.16.0
[2025-08-16T01:34:17.5546125-04:00] Starting background job 'StateID-Node'...
[2025-08-16T01:34:17.6651633-04:00] Job started: Id=3 State=Running
[2025-08-16T01:34:18.2762775-04:00] healthz ok on try=0
[2025-08-16T01:34:18.2782778-04:00] Server is healthy.
[2025-08-16T01:34:18.2792781-04:00] Exiting server-run.ps1 with code 0 (worker will idle).
[2025-08-16T01:34:20.2761280-04:00] ===== server-run start =====
[2025-08-16T01:34:20.2834655-04:00] PSVersion=5.1.19041.6216 root=C:\Users\kimhy\Desktop\StateID-App
[2025-08-16T01:34:20.8626090-04:00] No conflicting listener on 8787 (or it is our own pid=10572).
[2025-08-16T01:34:20.8646469-04:00] ENV WRITE_IDS=false PORT=8787
[2025-08-16T01:34:20.8950739-04:00] Node path=C:\Program Files\nodejs\node.exe version=v22.16.0
[2025-08-16T01:34:21.0100995-04:00] Starting background job 'StateID-Node'...
[2025-08-16T01:34:21.1261511-04:00] Job started: Id=3 State=Running
[2025-08-16T01:34:21.7050389-04:00] healthz ok on try=0
[2025-08-16T01:34:21.7261421-04:00] Server is healthy.
[2025-08-16T01:34:21.7261421-04:00] Exiting server-run.ps1 with code 0 (worker will idle).
[2025-08-16T01:34:24.0014102-04:00] ===== server-run start =====
[2025-08-16T01:34:24.0140312-04:00] PSVersion=5.1.19041.6216 root=C:\Users\kimhy\Desktop\StateID-App
[2025-08-16T01:34:24.5537531-04:00] No conflicting listener on 8787 (or it is our own pid=12964).
[2025-08-16T01:34:24.5638956-04:00] ENV WRITE_IDS=false PORT=8787
[2025-08-16T01:34:24.5957084-04:00] Node path=C:\Program Files\nodejs\node.exe version=v22.16.0
[2025-08-16T01:34:24.7296628-04:00] Starting background job 'StateID-Node'...
[2025-08-16T01:34:24.8363911-04:00] Job started: Id=3 State=Running
[2025-08-16T01:34:25.4538313-04:00] healthz ok on try=0
[2025-08-16T01:34:25.4538313-04:00] Server is healthy.
[2025-08-16T01:34:25.4538313-04:00] Exiting server-run.ps1 with code 0 (worker will idle).
[2025-08-16T01:34:27.4982162-04:00] ===== server-run start =====
[2025-08-16T01:34:27.5138670-04:00] PSVersion=5.1.19041.6216 root=C:\Users\kimhy\Desktop\StateID-App
[2025-08-16T01:34:28.0481387-04:00] No conflicting listener on 8787 (or it is our own pid=12324).
[2025-08-16T01:34:28.0481387-04:00] ENV WRITE_IDS=false PORT=8787
[2025-08-16T01:34:28.0825801-04:00] Node path=C:\Program Files\nodejs\node.exe version=v22.16.0
[2025-08-16T01:34:28.2094323-04:00] Starting background job 'StateID-Node'...
[2025-08-16T01:34:28.3243416-04:00] Job started: Id=3 State=Running
[2025-08-16T01:34:28.9526929-04:00] healthz ok on try=0
[2025-08-16T01:34:28.9526929-04:00] Server is healthy.
[2025-08-16T01:34:28.9526929-04:00] Exiting server-run.ps1 with code 0 (worker will idle).
[2025-08-16T01:34:30.9485961-04:00] ===== server-run start =====
[2025-08-16T01:34:30.9642350-04:00] PSVersion=5.1.19041.6216 root=C:\Users\kimhy\Desktop\StateID-App
[2025-08-16T01:34:31.4497617-04:00] No conflicting listener on 8787 (or it is our own pid=10912).
[2025-08-16T01:34:31.4497617-04:00] ENV WRITE_IDS=false PORT=8787
[2025-08-16T01:34:31.4810122-04:00] Node path=C:\Program Files\nodejs\node.exe version=v22.16.0
[2025-08-16T01:34:31.5903585-04:00] Starting background job 'StateID-Node'...
[2025-08-16T01:34:31.6997479-04:00] Job started: Id=3 State=Running
[2025-08-16T01:34:32.2738146-04:00] healthz ok on try=0
[2025-08-16T01:34:32.2738146-04:00] Server is healthy.
[2025-08-16T01:34:32.3133219-04:00] Exiting server-run.ps1 with code 0 (worker will idle).
[2025-08-16T01:34:34.1499680-04:00] ===== server-run start =====
[2025-08-16T01:34:34.1655934-04:00] PSVersion=5.1.19041.6216 root=C:\Users\kimhy\Desktop\StateID-App
[2025-08-16T01:34:34.6533703-04:00] No conflicting listener on 8787 (or it is our own pid=9200).
[2025-08-16T01:34:34.6533703-04:00] ENV WRITE_IDS=false PORT=8787
[2025-08-16T01:34:34.6846189-04:00] Node path=C:\Program Files\nodejs\node.exe version=v22.16.0
[2025-08-16T01:34:34.8096441-04:00] Starting background job 'StateID-Node'...
[2025-08-16T01:34:34.9033688-04:00] Job started: Id=3 State=Running
[2025-08-16T01:34:35.4815318-04:00] healthz ok on try=0
[2025-08-16T01:34:35.4815318-04:00] Server is healthy.
[2025-08-16T01:34:35.4815318-04:00] Exiting server-run.ps1 with code 0 (worker will idle).
